yyyyq,y,dp,dy,ep,bm,ntis,tbl,ltr,tms,dfy,infl,ik
19471,-0.00367981861837266,-1.323653084,-1.327358934,-1.07718186,0.741534989,0.03101998,0.0038,0.003501737,0.0175,-0.006,0.018604651,0.035721207
19472,0.00176863502465083,-1.301315622,-1.300171989,-1.023766722,0.741116751,0.026472743,0.0038,0.000587378,0.0178,-0.0066,0.00456621,0.034786965
19473,-0.00277551334925838,-1.281637373,-1.284502123,-0.988932766,0.740323399,0.02405855,0.008,0.009987445,0.0133,-0.0062,0.045454545,0.033769696
19474,0.00547617958134407,-1.260412145,-1.254985178,-0.977865555,0.725325679,0.025921595,0.0095,-0.039831736,0.0148,-0.0066,0.017391304,0.034545513
19481,-0.00677213587713999,-1.248982416,-1.255272505,-0.945405231,0.841422122,0.027187025,0.01,0.010031671,0.0141,-0.007,0,0.036350154
19482,0.04196568236410970,-1.294336528,-1.248982416,-0.954242509,0.786973504,0.023893669,0.01,0.010106677,0.0138,-0.0058,0.02991453,0.034682752
19483,-0.03266438305468000,-1.250532165,-1.284236201,-0.874081072,0.836231071,0.019128082,0.0109,-0.00060301,0.0133,-0.0061,0.01659751,0.03443501
19484,-0.00740656325857351,-1.213360639,-1.221568469,-0.822008106,0.840947547,0.015014554,0.0116,0.01395183,0.0121,-0.0074,-0.016326531,0.034992792
19491,-0.00369846058486088,-1.186598896,-1.190617512,-0.801248015,0.901750423,0.014658966,0.0117,0.020637417,0.011,-0.0077,-0.012448133,0.032999509
19492,-0.02520104953272700,-1.142463082,-1.1692248,-0.770852012,0.953888424,0.016812418,0.0117,0.019752225,0.01,-0.0076,0.004201681,0.03145689
19493,0.03819906120832640,-1.175534114,-1.134029914,-0.814169552,0.875020547,0.023343408,0.0107,0.01332075,0.0105,-0.0077,0,0.029705694
19494,0.03102934087811660,-1.167369163,-1.135662602,-0.858786029,0.796429284,0.027175585,0.011,0.009224811,0.0099,-0.0073,-0.012552301,0.029053886
19501,0.01216434042382100,-1.169609132,-1.156088153,-0.863046647,0.825527785,0.029291342,0.0112,-0.00321602,0.0103,-0.0066,0,0.029764354
19502,0.00875345602138890,-1.168546587,-1.158613747,-0.842894116,0.813447468,0.030396659,0.0115,0.003794125,0.0101,-0.0066,0.008474576,0.032268846
19503,0.04000441689344880,-1.165067965,-1.123876192,-0.854350702,0.751457855,0.025914209,0.013,-0.000342035,0.009,-0.0057,0.025210084,0.034910743
19504,0.02094931943191990,-1.14252567,-1.121602271,-0.856524665,0.722538442,0.031358256,0.0134,0.000281093,0.009,-0.0053,0.024590164,0.034514995
19511,0.01864991881045480,-1.148570185,-1.127999417,-0.878627338,0.7813946,0.032686771,0.014,-0.017317126,0.0101,-0.0045,0.032,0.033301004
19512,-0.00921769803962471,-1.12826668,-1.137289175,-0.886822374,0.800362677,0.036341121,0.0145,-0.01927496,0.0114,-0.0055,0.003875969,0.033484431
19513,0.03976676194653980,-1.184766122,-1.13954769,-0.966935989,0.716182328,0.028799506,0.0163,0.015645927,0.009,-0.0062,0.007722008,0.03357894
19514,0.00508015029854663,-1.226810069,-1.217390598,-0.988639355,0.721316347,0.036150788,0.0173,-0.018636657,0.0096,-0.006,0.01532567,0.032605748
19521,0.00867271779735818,-1.234567185,-1.223740837,-1.006644287,0.751874119,0.032094137,0.0159,0.015350584,0.0104,-0.0055,-0.00754717,0.032483029
19522,0.00847521866527744,-1.235876579,-1.225487527,-1.028028724,0.738715088,0.02773127,0.017,0.014047693,0.0089,-0.0056,0.007604563,0.032601904
19523,-0.00881477338859204,-1.228506556,-1.235876579,-1.016962555,0.748678911,0.031038055,0.0171,-0.021869182,0.0106,-0.0057,0.00754717,0.029432133
19524,0.02977814967274290,-1.275172442,-1.240655446,-1.044180313,0.694073313,0.026534716,0.0209,0.004563611,0.007,-0.0054,0,0.031939347
19531,-0.02251331375869460,-1.253729717,-1.275172442,-1.017342556,0.762496874,0.024013353,0.0201,-0.016244348,0.0093,-0.0045,-0.003745318,0.033464986
19532,-0.02123529417745040,-1.230448921,-1.250660485,-0.983063544,0.795496906,0.0274619,0.0211,-0.003405325,0.009,-0.0046,0.007518797,0.033408505
19533,-0.01557397512749250,-1.215998541,-1.230448921,-0.961746704,0.808210877,0.025876606,0.0179,0.033089477,0.0105,-0.0059,0.003731343,0.033880513
19534,0.02363500235862310,-1.233258762,-1.206918883,-0.994953043,0.759700961,0.024822272,0.016,0.023114493,0.0114,-0.0061,0,0.03317577
19541,0.03305964103356830,-1.263080257,-1.22730943,-1.023857411,0.804915818,0.022093476,0.0103,0.039105659,0.0175,-0.0065,0,0.03192281
19542,0.03240660092906610,-1.304163555,-1.269029589,-1.047230266,0.732467844,0.018357419,0.0064,0.017935755,0.0208,-0.0059,0,0.031370638
19543,0.04099228327312040,-1.342019623,-1.298214222,-1.08938121,0.677745103,0.016884189,0.0101,0.008742008,0.017,-0.0058,-0.003717472,0.032025073
19544,0.04435637926148560,-1.368540438,-1.321816237,-1.11358139,0.604119785,0.026992812,0.0115,0.00448633,0.0157,-0.0055,-0.003731343,0.031707907
19551,0.00573033551631865,-1.370119103,-1.362936561,-1.09195199,0.607761777,0.027968342,0.0128,-0.023287915,0.016,-0.0046,0,0.03206217
19552,0.04650071421017820,-1.417201865,-1.367344049,-1.105245645,0.551641632,0.025363932,0.0141,-0.000255516,0.0152,-0.0046,0,0.033842107
19553,0.02435104298984810,-1.430668177,-1.403586502,-1.103624749,0.533624791,0.025633981,0.0207,-0.00257565,0.0091,-0.0046,0.007490637,0.03525743
19554,0.01445391016453740,-1.442976608,-1.425339344,-1.099111885,0.50982801,0.02524455,0.0254,0.01357159,0.0041,-0.0047,-0.003717472,0.035855482
19561,0.02514887815219690,-1.447516508,-1.419774353,-1.118536245,0.5310772,0.026695068,0.0225,-0.006922325,0.0078,-0.005,0,0.03481009
19562,-0.01533256909965070,-1.416548055,-1.430290106,-1.115518059,0.551564593,0.025671522,0.0249,0.013675304,0.005,-0.005,0.014925373,0.035011446
19563,-0.01737537421629190,-1.391759468,-1.407002737,-1.117501193,0.571909521,0.029361949,0.0284,-0.034405216,0.004,-0.0051,0.007352941,0.034947313
19564,0.00761380212949552,-1.428488553,-1.416028043,-1.136283422,0.544176827,0.026149367,0.0321,-0.028771081,0.0024,-0.0062,0.00729927,0.034522276
19571,-0.02702173224288290,-1.406490955,-1.430991698,-1.113058141,0.599818875,0.026599595,0.0308,0.034697252,0.0023,-0.0077,0.007246377,0.034440097
19572,0.02627942113922920,-1.437457282,-1.406490955,-1.141477279,0.565876532,0.030527691,0.0329,-0.042008859,0.0032,-0.0072,0.010791367,0.034029531
19573,-0.04967161666994150,-1.382057996,-1.429990717,-1.087241189,0.624150778,0.034362522,0.0353,0.003669534,0.0011,-0.0081,0.007117438,0.034433213
19574,-0.02754543471720180,-1.349098373,-1.374717633,-1.074321503,0.653675779,0.034873147,0.0304,0.080208128,0.0019,-0.0122,0.003533569,0.033223927
19581,0.01979003035477910,-1.376308829,-1.353978138,-1.127352448,0.668591638,0.028935347,0.013,0.011731463,0.0191,-0.0105,0.014084507,0.03057087
19582,0.02875269839159950,-1.417476493,-1.386235993,-1.188654976,0.62466017,0.021436618,0.0083,0.00240263,0.0241,-0.0098,0.003472222,0.029091422
19583,0.03978420183460520,-1.461444742,-1.417476493,-1.240098358,0.561371197,0.013983478,0.0244,-0.080970639,0.0136,-0.0078,0,0.02853709
19584,0.03832694592835580,-1.498979698,-1.456452797,-1.281119904,0.51177932,0.023686832,0.0277,0.007395623,0.0105,-0.0077,0,0.029495825
19591,-0.00112750341674966,-1.495849955,-1.494044481,-1.251062833,0.516860282,0.02498439,0.028,0.005312531,0.0123,-0.0072,0,0.030284164
19592,0.01908587640322530,-1.514080063,-1.490970191,-1.235454177,0.483219391,0.026882074,0.0321,-0.011206344,0.0098,-0.0058,0.006920415,0.031046392
19593,-0.01582938893151580,-1.497281013,-1.509254519,-1.219665468,0.492337893,0.030528391,0.0404,-0.00383529,0.0025,-0.0066,0.006872852,0.031836173
19594,0.01701400996549700,-1.514903223,-1.492508498,-1.247154615,0.457783797,0.022856304,0.0449,-0.013024952,-0.0002,-0.007,0.003412969,0.031493788
19601,-0.03600190715920800,-1.455237425,-1.489552583,-1.212839457,0.549798083,0.02559341,0.0331,0.060926043,0.008,-0.0076,0,0.032493793
19602,0.00922829498123336,-1.46523028,-1.453004543,-1.242047291,0.529174862,0.024269926,0.0246,0.01520599,0.0161,-0.0081,0.006802721,0.032750013
19603,-0.02852018292306300,-1.438481493,-1.46523028,-1.213968352,0.584341711,0.028312467,0.0248,0.037577341,0.0139,-0.0076,0,0.031689573
19604,0.03209110054102200,-1.474216264,-1.438481493,-1.249703123,0.550422965,0.022761361,0.0225,0.018256736,0.0155,-0.0075,0.006756757,0.031311695
19611,0.04490228685846990,-1.525512329,-1.476449146,-1.32335558,0.546679869,0.022737591,0.0239,0.005352382,0.0158,-0.008,0,0.030455488
19612,-0.00525343778341538,-1.522699618,-1.525512329,-1.329058719,0.540821101,0.022482126,0.0233,-0.000704253,0.0171,-0.007,0,0.030918732
19613,0.01108127542745270,-1.532065053,-1.518245276,-1.340021286,0.527516721,0.024963387,0.0228,0.012582658,0.0175,-0.0067,0.006711409,0.030986149
19614,0.02699346044139210,-1.549258269,-1.518969755,-1.350818955,0.505922258,0.022324288,0.026,-0.007477772,0.0155,-0.0068,0,0.031834313
19621,-0.01479160050099000,-1.532666967,-1.544979471,-1.314667233,0.545724592,0.024075304,0.0272,0.034410385,0.0126,-0.0065,0.003333333,0.032356963
19622,-0.10338156391365200,-1.424516903,-1.528429914,-1.198054649,0.687357469,0.026455442,0.0273,0.005140153,0.0128,-0.0074,0.003322259,0.033076791
19623,0.00860816486352876,-1.43221358,-1.420320789,-1.20250221,0.666344261,0.030601614,0.0278,0.013742507,0.012,-0.0071,0.006622517,0.033235413
19624,0.04530158092294130,-1.471649756,-1.421897312,-1.235363295,0.591627051,0.01996807,0.0287,0.014054452,0.0108,-0.0068,0,0.032739375
19631,0.01950927558681050,-1.490840097,-1.467590899,-1.253904647,0.587528571,0.014380171,0.0289,0.00160055,0.0112,-0.0069,0.003289474,0.032435368
19632,0.01441358824932780,-1.498749014,-1.480855876,-1.25684047,0.567281575,0.018263203,0.0299,0.002999325,0.0108,-0.0061,0.003278689,0.033224214
19633,0.01031781475418950,-1.511126882,-1.496779421,-1.25782397,0.547223625,0.010313262,0.0338,0.005608593,0.0072,-0.0053,0.003267974,0.033949788
19634,0.01567121807476320,-1.517242213,-1.497584309,-1.270951007,0.525591454,0.008954678,0.0352,0.001885248,0.0065,-0.005,0.006514658,0.034751445
19641,0.01813786881314080,-1.530161208,-1.507821139,-1.276340848,0.523675442,0.017783196,0.0354,0.001192296,0.007,-0.0045,0,0.035269819
19642,0.01073506552440400,-1.535591939,-1.520940172,-1.275681,0.512206855,0.020502939,0.0348,0.016690592,0.0071,-0.0044,0.003236246,0.035801781
19643,0.00916129589427162,-1.537819095,-1.52477907,-1.274901398,0.486537121,0.020403063,0.0353,0.007815608,0.0068,-0.004,0.003225806,0.03662263
19644,-0.00100208566266514,-1.530199698,-1.527268913,-1.27012831,0.4872273,0.023094426,0.0384,0.009025332,0.0039,-0.0037,0.003215434,0.036957448
19651,0.00296102539566746,-1.52876551,-1.521599526,-1.265059837,0.469489905,0.019133363,0.0393,0.01083479,0.0029,-0.0036,0.003205128,0.038976338
19652,-0.01390955613511790,-1.508258757,-1.518665183,-1.240053902,0.480858956,0.017550279,0.038,0.01013189,0.0043,-0.0039,0.009584665,0.039885429
19653,0.02430006390808670,-1.52916781,-1.500017627,-1.256820104,0.448537471,0.016894554,0.0392,-0.00250591,0.0041,-0.0039,0,0.040782133
19654,0.00697433936632446,-1.531244049,-1.519480543,-1.250645595,0.430637806,0.020837183,0.0438,-0.011289309,0.0012,-0.0034,0.006329114,0.041853002
19661,-0.01952891497311890,-1.506466097,-1.521768157,-1.222969636,0.490175936,0.016787641,0.0459,-0.006580144,0.0001,-0.004,0.009433962,0.042958683
19662,-0.02633821561480000,-1.476302024,-1.498724457,-1.190895817,0.520974601,0.017122262,0.045,-0.013743369,0.0027,-0.0051,0.009345794,0.042852682
19663,-0.04805306178394670,-1.423104082,-1.467190617,-1.142850326,0.585492496,0.016983868,0.0537,0.008171991,-0.0057,-0.006,0.009259259,0.04261395
19664,0.01467728826110900,-1.44699587,-1.426120028,-1.160584784,0.576945106,0.017207926,0.0496,0.049279024,-0.0041,-0.0079,0.006116208,0.041770309
19671,0.04422557435763440,-1.49280854,-1.442479769,-1.218810035,0.549550798,0.014921684,0.0426,0.012620261,0.0029,-0.0072,0.003039514,0.040207034
19672,-0.00177891374190446,-1.494921899,-1.49280854,-1.230592688,0.553204845,0.010153386,0.0354,-0.063060451,0.0153,-0.0071,0.009090909,0.039466496
19673,0.02262013122463900,-1.520088532,-1.491937045,-1.261195514,0.513564846,0.005600204,0.0442,-0.002056457,0.0075,-0.0075,0.009009009,0.038709564
19674,-0.00641030044996983,-1.519009427,-1.520088532,-1.257665069,0.525792445,0.014361073,0.0497,-0.040745267,0.0059,-0.0074,0.008928571,0.038968448
19681,-0.03373712145621560,-1.485384522,-1.514570263,-1.219607638,0.566809806,0.012677156,0.0517,0.007568655,0.0043,-0.0074,0.01179941,0.039651434
19682,0.03588520939661260,-1.522500934,-1.479535349,-1.252316927,0.530741813,0.012090096,0.0552,0.050720855,-0.0018,-0.0079,0.011661808,0.03839748
19683,0.00745590459083448,-1.530000934,-1.516729493,-1.258627131,0.509195439,0.018287028,0.0519,0.018099698,0.0012,-0.0082,0.011527378,0.038390135
19684,-0.00139867299152641,-1.529309943,-1.524305187,-1.256025835,0.504900662,0.031961491,0.0596,-0.074602179,0.0002,-0.0078,0.011396011,0.038997633
19691,-0.01601380026705380,-1.515147134,-1.525086624,-1.241585843,0.557040236,0.039508092,0.0602,-0.015503007,0.0018,-0.0066,0.016901408,0.039596633
19692,-0.02287681645552380,-1.494394676,-1.51096449,-1.223526166,0.596777334,0.045152858,0.0644,0.012828105,-0.0021,-0.0072,0.013850416,0.039454335
19693,-0.02777230810469260,-1.470732414,-1.491628459,-1.198927673,0.640888463,0.04839134,0.0709,-0.052204716,-0.0032,-0.0091,0.013661202,0.039949038
19694,-0.01317132365461750,-1.464383888,-1.469355885,-1.202143132,0.651082013,0.034273783,0.0782,0.004436121,-0.0095,-0.0093,0.016172507,0.03913485
19701,-0.01831962608215300,-1.451394134,-1.463011708,-1.201945002,0.690326769,0.035841581,0.0663,0.049292688,-0.0002,-0.0079,0.013262599,0.038356121
19702,-0.09449902388042240,-1.35922675,-1.450026276,-1.119714792,0.793381417,0.042290748,0.0668,-0.041754884,0.0041,-0.0077,0.015706806,0.037648567
19703,0.05467527055478550,-1.421572984,-1.357863187,-1.196198878,0.71291476,0.037942419,0.0612,0.053422008,0.0068,-0.013,0.010309278,0.037365455
19704,0.03228028797202290,-1.467565691,-1.428434019,-1.254377974,0.646426358,0.031461707,0.0487,0.058372172,0.0161,-0.0148,0.015306122,0.035525028
19711,0.03190283617768150,-1.508583841,-1.471734951,-1.283673727,0.633811383,0.026398845,0.0338,0.087836017,0.0255,-0.0125,0.005025126,0.035486737
19712,-0.00773828487424304,-1.507333464,-1.509982537,-1.272783526,0.643221043,0.027278498,0.0475,-0.04432378,0.0166,-0.0111,0.015,0.035624468
19713,-0.01088917083521550,-1.502771725,-1.508736679,-1.257930374,0.64608483,0.027934417,0.0469,0.071666223,0.0129,-0.0115,0.004926108,0.035395651
19714,0.01135202843587840,-1.521844828,-1.505591828,-1.253108348,0.643900247,0.034023359,0.0401,0.016373965,0.0196,-0.0113,0.007352941,0.035795363
19721,0.01657576670099870,-1.54305641,-1.521844828,-1.266018653,0.645901988,0.031723183,0.0373,-0.005775485,0.024,-0.01,0.00729927,0.036588644
19722,-0.00446098641778822,-1.542813267,-1.54305641,-1.253977311,0.654015479,0.034199389,0.0391,0.023079376,0.0216,-0.0097,0.007246377,0.036778959
19723,0.00824171842384547,-1.55500803,-1.541400926,-1.255390376,0.637385001,0.032869775,0.0466,0.01605877,0.014,-0.0087,0.009592326,0.036911424
19724,0.02253952450812940,-1.573755438,-1.545248193,-1.264530963,0.595674595,0.034203484,0.0507,0.02256333,0.0092,-0.0085,0.009501188,0.038371871
19731,-0.03053937084761510,-1.546293499,-1.571006729,-1.214843848,0.676018128,0.036706149,0.0609,-0.022797049,0.0077,-0.0074,0.018823529,0.039649507
19732,-0.03593500746222190,-1.510261849,-1.539496889,-1.158979423,0.720974308,0.039013398,0.0719,-0.008035809,-0.0009,-0.0076,0.020785219,0.040665936
19733,0.00781676354122892,-1.520601705,-1.503569968,-1.149223118,0.678808996,0.034361226,0.0829,0.025719572,-0.0126,-0.01,0.022624434,0.040708738
19734,-0.05204723067445970,-1.460310573,-1.506232757,-1.077537115,0.755588463,0.013007395,0.0745,-0.005416464,-0.0019,-0.008,0.022123894,0.04039554
19741,-0.02392973980173740,-1.436476998,-1.452668831,-1.050829163,0.815184013,0.010399936,0.0796,-0.039568222,-0.0013,-0.0061,0.034632035,0.03974047
19742,-0.04531880390897120,-1.390430407,-1.428967396,-0.992987019,0.860158772,0.00802781,0.079,-0.00887109,0.0022,-0.008,0.025104603,0.039077719
19743,-0.13357042203285300,-1.247952762,-1.379404003,-0.843528834,1.135440143,0.005138262,0.0806,-0.001975728,0.0031,-0.0094,0.032653061,0.038088205
19744,0.02368542954807150,-1.279768308,-1.24674471,-0.887169048,1.120018175,0.008773308,0.0715,0.098307858,0.0045,-0.0174,0.0256917,0.036552746
19751,0.07545230199948880,-1.356291642,-1.271404745,-0.994100997,0.972466315,0.020467918,0.0549,0.00823636,0.0275,-0.0181,0.015414258,0.033912258
19752,0.04976783624315540,-1.409217417,-1.351583796,-1.077678259,0.84983902,0.022961833,0.0534,0.031890493,0.0279,-0.0185,0.017077799,0.032738222
19753,-0.05970643092302180,-1.354232733,-1.409217417,-1.033744922,0.940948254,0.027917636,0.0642,-0.02508952,0.022,-0.0166,0.018656716,0.032789807
19754,0.02425527513436390,-1.389310568,-1.357758824,-1.054245319,0.876338851,0.023709429,0.0544,0.076489458,0.0261,-0.0177,0.016483516,0.032835552
19761,0.04926461208417400,-1.44483999,-1.388132021,-1.074348465,0.784031217,0.015070147,0.05,0.032109046,0.0292,-0.016,0.007207207,0.033179598
19762,0.00056364804171654,-1.443013178,-1.436678512,-1.05205929,0.781427631,0.018923185,0.0541,0.006479768,0.0266,-0.0127,0.016100179,0.033303963
19763,-0.00128044374117702,-1.43672011,-1.432740293,-1.042177468,0.791363274,0.023781738,0.0508,0.043986016,0.0273,-0.0102,0.014084507,0.033747926
19764,0.00483141794307839,-1.423791813,-1.414725816,-1.035173182,0.779973125,0.028565696,0.0435,0.076677282,0.0286,-0.0114,0.010416667,0.034117385
19771,-0.04109001531222050,-1.370869338,-1.409032813,-0.989622829,0.868429928,0.030337549,0.046,-0.03480582,0.0312,-0.0102,0.02233677,0.03512258
19772,0.00392084666631258,-1.362593137,-1.353596871,-0.984211907,0.871112081,0.031941274,0.0502,0.036411646,0.0252,-0.0096,0.020168067,0.035773885
19773,-0.02233941270327130,-1.331449792,-1.348867113,-0.954872835,0.942262516,0.032367733,0.0581,0.009724682,0.0183,-0.0088,0.011532125,0.036143666
19774,-0.01199129492479550,-1.308863636,-1.315345426,-0.941152637,0.960333025,0.030475541,0.0607,-0.016885037,0.0196,-0.008,0.011400651,0.036959539
19781,-0.03260206139211640,-1.269172302,-1.29693928,-0.912190901,1.111492553,0.027569748,0.0629,-0.009687233,0.0202,-0.0075,0.020933977,0.036872233
19782,0.02148643597111180,-1.289058286,-1.259332047,-0.929760021,1.027901581,0.016523465,0.0673,-0.012458058,0.0192,-0.0084,0.028391167,0.039519276
19783,0.02130361419516060,-1.310189596,-1.279436061,-0.947559954,0.972257513,0.012703906,0.0785,0.025425776,0.0075,-0.0073,0.01993865,0.040334038
19784,-0.03630437442726910,-1.277760618,-1.305885354,-0.891805501,1.045701296,0.014850552,0.0908,-0.014458786,-0.001,-0.0078,0.018045113,0.04101731
19791,0.01326320815200140,-1.290847617,-1.266765234,-0.882999319,1.033078939,0.011670308,0.0948,0.018311064,-0.0046,-0.0089,0.031019202,0.041267826
19792,-0.00382970417454880,-1.284916321,-1.279309703,-0.866950407,1.057863607,0.012068377,0.0906,0.046161979,-0.0029,-0.0109,0.035816619,0.040479656
19793,0.01462827543788710,-1.297548024,-1.271305979,-0.873455297,1.013794987,0.009403924,0.1026,-0.024024213,-0.0099,-0.011,0.031811895,0.041102056
19794,-0.01759465245195310,-1.281133966,-1.286651175,-0.861163604,1.061950068,0.010514465,0.1204,-0.050232518,-0.0192,-0.0132,0.028150134,0.040556383
19801,-0.03855625995925280,-1.24555521,-1.26975442,-0.824575718,1.093732103,0.011877396,0.152,-0.145143335,-0.0281,-0.0149,0.044328553,0.040366872
19802,0.03924190072257080,-1.284031749,-1.235196759,-0.883467597,0.990183427,0.015304351,0.0707,0.243682241,0.0299,-0.0213,0.032459426,0.037738962
19803,0.02818285036964930,-1.315316592,-1.274629503,-0.932964206,0.921687651,0.023796048,0.1027,-0.112618596,0.0158,-0.0168,0.015719468,0.037541942
19804,0.01651819804058490,-1.343191117,-1.308924571,-0.961923626,0.891503024,0.026816359,0.1549,0.018053982,-0.035,-0.0193,0.027380952,0.037854194
19811,-0.01316820318355160,-1.335579265,-1.334812186,-0.969781384,0.924920557,0.027939341,0.1336,-0.01819254,-0.0088,-0.0201,0.025492468,0.037975302
19812,-0.03023088300723220,-1.312466077,-1.32803805,-0.941586243,0.950474982,0.027893475,0.1473,-0.010850447,-0.0169,-0.0205,0.023728814,0.038242242
19813,-0.06544791520854350,-1.250883776,-1.30371934,-0.881292335,1.092378644,0.021483369,0.147,-0.085985627,0.0012,-0.0143,0.028697572,0.038659877
19814,0.01072741749844600,-1.266799787,-1.243617844,-0.9019221,1.061142857,0.011909673,0.1085,0.147491411,0.0249,-0.0232,0.008583691,0.039059038
19821,-0.05037117310400230,-1.221693617,-1.260944043,-0.878507831,1.185750574,0.005548433,0.1268,0.046512334,0.0119,-0.0224,0.005319149,0.037590195
19822,-0.02168231805209170,-1.206703066,-1.215915778,-0.888480328,1.201581417,0.00121303,0.1247,0.017616382,0.0165,-0.0211,0.026455026,0.035803152
19823,0.03018344152965810,-1.245008051,-1.204159606,-0.948438933,1.088535565,0.000550709,0.0792,0.202077382,0.0391,-0.0269,0.009278351,0.034226823
19824,0.05555911867005730,-1.311152121,-1.243741886,-1.046361784,0.932214727,0.002990053,0.0794,0.096358764,0.0301,-0.0231,-0.003064351,0.033229062
19831,0.02597294335419150,-1.345099828,-1.30863081,-1.090456279,0.780067786,0.005993542,0.0835,0.007221991,0.0248,-0.0188,0.00307377,0.032348305
19832,0.02995486811364710,-1.384234078,-1.343218404,-1.125567818,0.721382042,0.015826551,0.0879,-0.001070309,0.024,-0.0163,0.016343207,0.032500209
19833,-0.01460363810262600,-1.375193146,-1.380495508,-1.096439545,0.714847583,0.023178393,0.09,0.001444591,0.0257,-0.0118,0.012060302,0.033711656
19834,-0.01230616702705590,-1.366653424,-1.36964495,-1.070241988,0.700359118,0.027056897,0.09,-0.001070225,0.0297,-0.0118,0.005958292,0.03557991
19841,-0.02474515685145870,-1.345764056,-1.361175215,-1.018333967,0.762475427,0.024104936,0.0952,-0.009530505,0.0301,-0.0142,0.012833169,0.036356161
19842,-0.02618707506898440,-1.321284688,-1.337971123,-0.975687051,0.784351819,0.001304065,0.0987,-0.047481573,0.0387,-0.015,0.010721248,0.037740291
19843,0.02268582348229210,-1.352313271,-1.317145703,-1.0013093,0.736050915,-0.009492547,0.1037,0.135286204,0.0198,-0.0169,0.012536162,0.03850064
19844,-0.00544656114324506,-1.346545183,-1.343574656,-1.002186837,0.733098376,-0.027196787,0.0806,0.078285894,0.0364,-0.0127,0.002857143,0.038911151
19851,0.02327622735631070,-1.372633236,-1.339111389,-1.042283052,0.723645779,-0.024815769,0.0852,0.015554358,0.0329,-0.0113,0.010446344,0.038814222
19852,0.01776127117703730,-1.394220843,-1.368121045,-1.0895589,0.686430144,-0.026607514,0.0695,0.13181507,0.036,-0.0146,0.011278195,0.038832294
19853,-0.02920918760663290,-1.365946182,-1.388645741,-1.077562341,0.68995883,-0.031294354,0.071,0.005318189,0.0372,-0.0141,0.006505576,0.037716018
19854,0.05458910993360700,-1.427231297,-1.362635153,-1.160208172,0.592692688,-0.019465082,0.071,0.133426696,0.0246,-0.0142,0.00923361,0.037883045
19861,0.04469068932117990,-1.474041781,-1.42068402,-1.216249533,0.519627628,-0.016419622,0.0656,0.197315709,0.011,-0.015,-0.004574565,0.036890256
19862,0.01395225611974410,-1.490911773,-1.469731131,-1.231784119,0.499281457,-0.012293237,0.0621,-0.000357285,0.0169,-0.0121,0.006433824,0.035541468
19863,-0.03942313172719070,-1.448813348,-1.483996957,-1.19248673,0.534629267,-0.00513866,0.0521,-0.013366974,0.0306,-0.0131,0.006392694,0.034654791
19864,0.01336186450604940,-1.466090005,-1.446182847,-1.22335178,0.498430866,-0.011375999,0.0553,0.054470161,0.0236,-0.0148,0.002722323,0.034672419
19871,0.07243087335731790,-1.543770378,-1.462954291,-1.285959482,0.428040214,-0.00221743,0.0559,0.013508478,0.0236,-0.0125,0.014479638,0.03340226
19872,0.01158575811323180,-1.552433989,-1.534496834,-1.323908323,0.407892397,0.005202462,0.0567,-0.048064923,0.031,-0.012,0.012488849,0.033917147
19873,0.01738679950846500,-1.570108633,-1.545355692,-1.307323342,0.379966722,0.006350332,0.064,-0.069651468,0.0352,-0.0113,0.013215859,0.034700213
19874,-0.11732495243714900,-1.447861684,-1.562650617,-1.149799544,0.508812015,0.013274756,0.0577,0.083823313,0.0343,-0.0118,0.003478261,0.034289898
19881,0.01367710563882120,-1.46129224,-1.441014557,-1.143835886,0.507529954,0.00608003,0.057,0.039231428,0.0331,-0.0118,0.009532062,0.03423225
19882,0.01653863537604530,-1.47175563,-1.447913574,-1.101098419,0.471118872,-0.005397921,0.0646,0.009805046,0.0271,-0.0114,0.012875536,0.03475522
19883,-0.00988454005106754,-1.458534043,-1.461066194,-1.077825744,0.477540454,-0.010001514,0.0724,0.022811598,0.0193,-0.0108,0.015254237,0.034598514
19884,0.00064006171794265,-1.454602541,-1.445420564,-1.067943543,0.465283574,-0.021405747,0.0807,0.02171288,0.0111,-0.0108,0.005843072,0.034628063
19891,0.01606568869972910,-1.469153128,-1.443129695,-1.072386009,0.468691414,-0.023102134,0.0882,0.014261477,0.0047,-0.0087,0.014937759,0.034878932
19892,0.02344420555518050,-1.486704816,-1.453935601,-1.100654723,0.440562937,-0.023936641,0.0815,0.114752657,0.0006,-0.0093,0.014717907,0.035029503
19893,0.03149418519803710,-1.512250455,-1.471638214,-1.168446986,0.39920975,-0.025736589,0.0775,-0.000821581,0.0072,-0.009,0.007252216,0.035677962
19894,-0.00272477372819225,-1.504707798,-1.499453299,-1.189000381,0.390454744,-0.012323107,0.0763,0.045368023,0.0053,-0.0096,0.0088,0.034781872
19901,-0.02451140252541680,-1.47763258,-1.494496856,-1.195543359,0.471333956,-0.010275461,0.079,-0.040952707,0.0099,-0.0084,0.020618557,0.034901378
19902,0.01389057978196330,-1.487097013,-1.464591994,-1.226344028,0.442949432,-0.00047416,0.0773,0.043932319,0.0091,-0.0096,0.009324009,0.033962047
19903,-0.07347920130028200,-1.412660819,-1.480775723,-1.148532844,0.520289666,0.001391613,0.0736,-0.020318615,0.0178,-0.0108,0.021555042,0.033874205
19904,0.02488894943345500,-1.436520783,-1.403509794,-1.189608958,0.48449686,-0.001828469,0.0674,0.082434252,0.017,-0.0138,0.008289375,0.032934848
19911,0.04729686484829440,-1.491141836,-1.43565923,-1.253309302,0.4571256,0.003262045,0.0591,0.019899948,0.0253,-0.0116,0.00896861,0.031833081
19912,-0.01054021681442560,-1.485092135,-1.489816948,-1.281535631,0.458243743,0.014082172,0.0557,0.0076118,0.0303,-0.0095,0.007407407,0.031313961
19913,0.01302890963359710,-1.499653492,-1.480539665,-1.337767293,0.441531837,0.022991536,0.0522,0.082055884,0.0268,-0.009,0.008823529,0.030822476
19914,0.02615064968868180,-1.533763166,-1.502208382,-1.416924861,0.420344417,0.031537729,0.0407,0.072537013,0.0323,-0.0095,0.005102041,0.030481501
19921,-0.01801023203087170,-1.515296302,-1.529478088,-1.396801143,0.402106034,0.041628264,0.0404,-0.036607067,0.0393,-0.009,0.010152284,0.030181205
19922,0.00066101536767526,-1.520198452,-1.515437284,-1.379084777,0.392042354,0.042936625,0.0366,0.046457658,0.0399,-0.0083,0.006460876,0.0312179
19923,0.00679261732373065,-1.527721905,-1.517562629,-1.364731902,0.397656972,0.041134984,0.0291,0.066131843,0.0419,-0.007,0.007845934,0.031656267
19924,0.01422266553682100,-1.546301517,-1.528072425,-1.358391599,0.394109614,0.03871373,0.0322,0.005317233,0.0404,-0.0083,0.004246285,0.032395461
19931,0.01209615240004390,-1.558641461,-1.543017743,-1.357279578,0.333613526,0.036995019,0.0295,0.066626422,0.0407,-0.0057,0.011980268,0.032352457
19932,-0.00434720091188880,-1.556015335,-1.557112865,-1.367491861,0.325931248,0.041047893,0.0307,0.057369669,0.0361,-0.0074,0.005571031,0.032971188
19933,0.00461284787529879,-1.564176809,-1.556154076,-1.351903443,0.322351821,0.04174737,0.0295,0.063860604,0.0332,-0.0068,0.004847645,0.033072958
19934,0.00361556467759660,-1.569228036,-1.562169387,-1.328559336,0.305267223,0.045746805,0.0306,-0.014581737,0.0348,-0.0076,0.004824259,0.034182757
19941,-0.02282598682455500,-1.545067807,-1.564762067,-1.292893703,0.307483805,0.041915421,0.035,-0.059148468,0.0375,-0.0065,0.009602195,0.034210384
19942,-0.00577342769040788,-1.539251115,-1.540714964,-1.246246447,0.308417077,0.034010352,0.0414,-0.03284623,0.036,-0.0068,0.005434783,0.034578678
19943,0.01226865265024200,-1.553945541,-1.536283644,-1.228669254,0.290904659,0.029019116,0.0462,-0.006618717,0.0338,-0.0064,0.009459459,0.034892335
19944,-0.00896327303444965,-1.542482303,-1.545723111,-1.176346651,0.2915683,0.016601624,0.056,0.020249244,0.0239,-0.0064,0.002008032,0.036079874
19951,0.03033792496792650,-1.58000049,-1.542482303,-1.187035272,0.313876542,0.01440318,0.0573,0.06640024,0.0182,-0.0058,0.011356045,0.03714106
19952,0.02996013107303450,-1.610358275,-1.573747301,-1.199260216,0.286429618,0.0082729,0.0547,0.112486668,0.0123,-0.006,0.007265522,0.036950999
19953,0.02427452679993560,-1.6339778,-1.603457401,-1.220421804,0.272494998,0.006377414,0.0528,0.024015582,0.0135,-0.0061,0.004590164,0.036762912
19954,0.01691068484003190,-1.650030083,-1.627216364,-1.258563676,0.255026383,0.015528785,0.0514,0.083728932,0.0089,-0.0067,0.001958225,0.037068209
19961,0.01478503671223370,-1.660553947,-1.640189058,-1.277906695,0.239299615,0.016894007,0.0496,-0.069310586,0.0188,-0.0068,0.014332248,0.037531773
19962,0.01085425680478970,-1.671967711,-1.655380981,-1.283533128,0.236443725,0.027193741,0.0509,-0.001953661,0.0194,-0.0069,0.006422608,0.038133493
19963,0.00520042729820705,-1.670900211,-1.660230525,-1.280850162,0.227297318,0.029553714,0.0509,0.016523354,0.0195,-0.0069,0.007019783,0.038890044
19964,0.02669482648397650,-1.696508677,-1.663995543,-1.2816183,0.20734273,0.024097561,0.0491,0.049348938,0.0182,-0.0069,0.005069708,0.039388016
19971,0.00385848943269575,-1.701368585,-1.691869664,-1.274506747,0.214780202,0.021119839,0.0514,-0.03241737,0.0209,-0.0063,0.008827238,0.039816332
19972,0.06134978390046350,-1.766284119,-1.698436871,-1.339021109,0.184287615,0.010847478,0.0493,0.055638573,0.0195,-0.0061,0.001875,0.04020918
19973,0.02372257798102650,-1.790851232,-1.761384832,-1.367524669,0.177967857,0.014650639,0.0495,0.061429312,0.0154,-0.0055,0.005614473,0.041631676
19974,0.00482646648136700,-1.796716581,-1.786230735,-1.387954974,0.178800884,0.015578728,0.0516,0.068713726,0.0086,-0.0056,0.000620347,0.041289213
19981,0.04893320826382630,-1.847818543,-1.792699698,-1.445046394,0.181140396,0.016505113,0.0503,0.01518764,0.0099,-0.006,0.005579665,0.041993752
19982,0.00703977342346295,-1.851791087,-1.839322372,-1.463821368,0.178060606,0.024030588,0.0498,0.044122639,0.0078,-0.006,0.004932182,0.042566407
19983,-0.05143050695041630,-1.799340976,-1.846567527,-1.426514251,0.203248404,0.024092522,0.0461,0.083485403,0.0056,-0.0069,0.003680982,0.042231407
19984,0.07641252193335900,-1.880252199,-1.797944271,-1.513176618,0.173611315,0.020063255,0.0439,-0.015472063,0.0103,-0.0101,0.001833741,0.042801181
19991,0.01477239392727350,-1.893226403,-1.87349365,-1.525260933,0.172897171,0.02067722,0.0444,-0.041296777,0.0148,-0.0091,0.006711409,0.042808565
19992,0.02293387658352050,-1.9214657,-1.893252806,-1.524583141,0.154227447,0.018875065,0.0457,-0.024110627,0.017,-0.0079,0.007272727,0.043164721
19993,-0.03407690930960670,-1.88694906,-1.916399377,-1.465070797,0.163684498,0.020390681,0.0468,-0.004668047,0.0178,-0.0081,0.01022864,0.043583821
19994,0.05266592780418570,-1.944587323,-1.885620104,-1.484319053,0.147167259,0.017900177,0.052,-0.022679643,0.0162,-0.0064,0.00238237,0.042943863
20001,0.00237449093740496,-1.951354096,-1.942769863,-1.468535744,0.149973562,0.018301426,0.0569,0.08832965,0.0049,-0.0069,0.017231135,0.043689945
20002,-0.01894255627531390,-1.939923102,-1.952859451,-1.447408899,0.156777962,0.007141026,0.0569,0.011124841,0.0053,-0.0081,0.007009346,0.04424471
20003,-0.01194558772352560,-1.943870591,-1.949305521,-1.427334368,0.153789463,0.004483859,0.06,0.025360271,0.0012,-0.0073,0.007540603,0.043867036
20004,-0.04245727866538210,-1.909251799,-1.945894409,-1.42169604,0.151851504,-0.002250247,0.0577,0.076740606,-0.0019,-0.0081,0.001727116,0.043168462
20011,-0.06023896407177400,-1.861195029,-1.917279553,-1.407143198,0.133113551,-0.005199539,0.0442,0.012064439,0.0117,-0.0086,0.012643678,0.042056121
20012,0.01916681970642140,-1.892418204,-1.86906931,-1.522200627,0.125209433,0.005042943,0.0349,-0.019451394,0.0241,-0.0079,0.010215664,0.040411927
20013,-0.07237389128936160,-1.82053135,-1.891036068,-1.565485828,0.148628588,0.00865385,0.0264,0.067552254,0.0278,-0.0086,0.001685393,0.039278162
20014,0.04011294380380040,-1.862967423,-1.820420969,-1.667451061,0.131217846,0.013469917,0.0169,-0.021132636,0.0406,-0.0128,-0.00897364,0.037603333
20021,-0.00220042486579930,-1.862982338,-1.863243429,-1.667014107,0.236833402,0.013764069,0.0179,-0.019251299,0.0425,-0.013,0.01188455,0.036381005
20022,-0.06493357546059150,-1.79037455,-1.854533773,-1.568390434,0.266572502,0.027534947,0.017,0.0620574,0.0396,-0.0132,0.006152125,0.035565974
20023,-0.08465140821833670,-1.712682516,-1.796922238,-1.433612187,0.324555155,0.029309111,0.0163,0.123062937,0.0317,-0.0125,0.006114508,0.035079559
20024,0.03131898585608870,-1.738269866,-1.705188151,-1.50364213,0.295385896,0.02573892,0.0119,0.007367745,0.0365,-0.0124,-0.000552486,0.034262111
20031,-0.01676501233328640,-1.71833009,-1.734235892,-1.446758831,0.286117701,0.024101489,0.0113,0.008154918,0.0377,-0.0106,0.018242123,0.034115951
20032,0.05821670531435250,-1.780210591,-1.719912319,-1.450338248,0.254488337,0.001255729,0.0092,0.053525781,0.0353,-0.0122,-0.002714441,0.034742814
20033,0.00846845317732128,-1.778504596,-1.769044639,-1.411884034,0.246541783,0.007320962,0.0094,-0.033174485,0.0429,-0.0107,0.008165487,0.035137256
20034,0.04641613460141080,-1.805898847,-1.758071562,-1.358188017,0.218739865,0.006946096,0.009,-0.017453428,0.0425,-0.0098,-0.004859611,0.03522193
20041,0.00468420263854399,-1.795768201,-1.790222363,-1.335616036,0.281731465,0.012245805,0.0094,0.056824134,0.038,-0.0078,0.016820402,0.034520847
20042,0.00435747938499048,-1.7876651,-1.782059739,-1.307874979,0.279631603,0.014448301,0.0127,-0.052269681,0.0405,-0.0077,0.012273212,0.035050378
20043,-0.01152218967558980,-1.764647746,-1.77476124,-1.285408878,0.289485301,0.009086066,0.0165,0.065746128,0.0323,-0.0081,0.001054296,0.035693317
20044,0.03349985161113060,-1.794733014,-1.758370307,-1.315947053,0.270619243,0.012960211,0.0219,0.016430631,0.0265,-0.0068,0.002106372,0.036040992
20051,-0.01387441721147160,-1.76621057,-1.777585422,-1.292358349,0.319856889,0.009090006,0.0274,0.009494925,0.0214,-0.0066,0.015764582,0.036164849
20052,0.00090515579692430,-1.755366612,-1.751433634,-1.274902891,0.326979057,0.00536596,0.0297,0.08594521,0.0132,-0.009,0.006207967,0.036343668
20053,0.00971621365775313,-1.757632465,-1.744179806,-1.266859058,0.31789151,0.006728709,0.0342,-0.030378724,0.0122,-0.009,0.022107969,0.036685172
20054,0.00276597973935419,-1.749649625,-1.74281887,-1.252273449,0.313477957,0.003071206,0.0389,0.014226663,0.0072,-0.0095,-0.010060362,0.036541573
20061,0.01094220925864100,-1.754582781,-1.738685519,-1.250857593,0.316009441,0.002160817,0.0451,-0.042812503,0.0056,-0.0088,0.015243902,0.037336362
20062,-0.01314555587000530,-1.733970088,-1.742310733,-1.231774134,0.31485029,-0.002186473,0.0479,-0.014742967,0.0052,-0.0089,0.015515516,0.037526464
20063,0.01651703638725030,-1.743811765,-1.721927154,-1.230499966,0.300593284,-0.009493336,0.0481,0.068251725,0.0003,-0.0092,0,0.037697545
20064,0.02056684715161310,-1.75584791,-1.729836527,-1.24055721,0.2816824,-0.015031806,0.0485,0.004285388,0.0006,-0.009,-0.00542139,0.03761937
20071,-0.00437779157157933,-1.746113307,-1.745330121,-1.232689035,0.269050013,-0.012480691,0.0494,0.008125405,-0.0001,-0.0097,0.017601586,0.037819575
20072,0.01930354077484460,-1.759255975,-1.734747566,-1.248045905,0.24789561,-0.011057478,0.0461,-0.020663803,0.006,-0.0091,0.014609062,0.038169551
20073,0.00261712044684700,-1.752758178,-1.746049947,-1.28834127,0.239207437,-0.013010957,0.0389,0.050123798,0.01,-0.0085,0.000662341,0.038264438
20074,-0.01966313983502710,-1.723849934,-1.740786737,-1.346099478,0.250582973,-0.041591437,0.03,0.059942626,0.015,-0.0116,0.007415224,0.038345929
20081,-0.04566679282592490,-1.669644227,-1.715013999,-1.340490971,0.254057567,-0.052877042,0.0126,0.033983606,0.0306,-0.0138,0.016625721,0.037991059
20082,-0.01582669590763870,-1.649146524,-1.663397908,-1.396500404,0.274491388,-0.048372532,0.0186,-0.023711689,0.0274,-0.0139,0.024760219,0.037579893
20083,-0.04062356525487730,-1.60662659,-1.647003942,-1.404547101,0.287123548,-0.050314112,0.0113,0.033081862,0.033,-0.0166,-0.000146242,0.036420213
20084,-0.10823151419616600,-1.502688472,-1.613713119,-1.783205039,0.354984225,-0.024768004,0.0003,0.206889079,0.03,-0.0338,-0.039102673,0.033912006
20091,-0.05295492724062860,-1.466485949,-1.520361784,-2.06560802,0.446140845,-0.037758136,0.0021,-0.060794013,0.0334,-0.0292,0.011801473,0.031080316
20092,0.05867714929767190,-1.555328543,-1.49379397,-2.087826771,0.401876406,-0.022539012,0.0018,-0.080521631,0.0411,-0.0189,0.014028555,0.029952702
20093,0.05829550816794200,-1.645691784,-1.585050637,-1.92581032,0.349521431,-6.34E-05,0.0012,0.043084662,0.0391,-0.0118,0.001279596,0.029631272
20094,0.02208097030588280,-1.696968868,-1.673762908,-1.339999182,0.32553066,0.010533821,0.0005,-0.055250988,0.0453,-0.0111,-9.26E-05,0.029691199
20101,0.01991739226612060,-1.7274508,-1.706790385,-1.283143053,0.38187817,0.0138627,0.0015,0.011196423,0.0442777,-0.01,0.007788876,0.029758912
20102,-0.05383979279455450,-1.669984018,-1.724821759,-1.186413969,0.424176541,0.018726384,0.0012,0.12333273,0.0364074,-0.0135,0.001534708,0.030589301
20103,0.04329932785447950,-1.708025945,-1.663800671,-1.20087455,0.384305783,0.003239165,0.0015,0.056375419,0.032563,-0.0113,0.002174661,0.031242954
20104,0.04139700383986680,-1.742976013,-1.700781434,-1.211096024,0.358100317,0.012573506,0.0014,-0.082095956,0.0399782,-0.0108,0.003387673,0.031652602
20111,0.02265225677340560,-1.752697018,-1.729765518,-1.212343881,0.354269939,0.012454255,0.001,-0.009116367,0.0419,-0.009,0.019563918,0.03140081
20112,-0.00142324538238690,-1.734446031,-1.736149425,-1.197177804,0.351570039,0.01171812,0.0004,0.037202145,0.04,-0.0076,0.010090975,0.032007598
20113,-0.06554344304665100,-1.652550878,-1.719711474,-1.114204448,0.399922847,0.013092446,0.0001,0.21173309,0.0264,-0.0118,0.005170076,0.033273432
20114,0.04537905885383860,-1.677527533,-1.631608855,-1.160272942,0.357232541,-0.006495091,0.0001,0.020562702,0.0247,-0.0132,-0.005363856,0.033842834
20121,0.04844057612879750,-1.711742636,-1.662537563,-1.201608083,0.346181967,-0.013773118,0.0008,-0.049017922,0.0282,-0.0124,0.016484101,0.03440307
20122,-0.01403386458664030,-1.682134874,-1.696654352,-1.190140444,0.355103885,-0.019820145,0.0009,0.092763384,0.0216,-0.0138,0.000374904,0.034848515
20123,0.02410998082136160,-1.687419548,-1.663083158,-1.221548405,0.340382954,-0.018153082,0.0011,0.002873152,0.0215,-0.0135,0.008406035,0.034392837
20124,-0.00388036331701559,-1.659369865,-1.66375699,-1.217111075,0.349032443,-0.012258026,0.0007,-0.007482353,0.0234,-0.0098,-0.007804431,0.034443453
20131,0.04078575158323580,-1.68900896,-1.647510815,-1.252675938,0.346129997,-0.009549838,0.0009,-0.028240973,0.0275,-0.0092,0.013815271,0.034561937
20132,0.01019618261023480,-1.683816213,-1.673670493,-1.247018549,0.338444358,0.000145598,0.0005,-0.055194508,0.0324,-0.0092,0.003140399,0.034326913
20133,0.01976020842808240,-1.689101965,-1.669213432,-1.25087583,0.333521485,0.010143778,0.0002,-0.019116216,0.034,-0.0083,0.002762265,0.034590403
20134,0.04034989387545190,-1.722817248,-1.681740472,-1.26591884,0.304408126,0.012168529,0.0007,-0.031572267,0.036,-0.0076,-0.004697863,0.034963432
