"0","pr.out$rotation #es la matriz de pesos (loadings) que recibe cada variable en cada componente (las columnas son los autovectores)"
"1","                         "
"1","          PC1"
"1","         PC2"
"1","          PC3"
"1","           PC4"
"1","         PC5"
"1","         PC6"
"1","         PC7"
"1","          PC8"
"1","          PC9"
"1","
x.21.IMS                 "
"1","  0.274997912"
"1","  0.04561372"
"1"," -0.028246346"
"1","  0.1492639460"
"1"," -0.11562974"
"1","  0.05431051"
"1"," -0.05643323"
"1","  0.129932462"
"1"," -0.094336143"
"1","
x.21.IVF_Ind             "
"1"," -0.238396161"
"1","  0.17764796"
"1"," -0.039722867"
"1","  0.0344751850"
"1"," -0.07190610"
"1"," -0.13798771"
"1"," -0.19998603"
"1"," -0.004660857"
"1"," -0.161342184"
"1","
x.21.IVF_Ind_SREF        "
"1"," -0.264199947"
"1","  0.17933974"
"1"," -0.025147566"
"1","  0.0259326330"
"1"," -0.04569409"
"1"," -0.10137026"
"1"," -0.16693656"
"1"," -0.013957645"
"1"," -0.183935679"
"1","
x.21.Energ_fact_res      "
"1","  0.194744654"
"1","  0.06472311"
"1","  0.020801088"
"1","  0.1276493668"
"1"," -0.31832230"
"1","  0.08244540"
"1"," -0.28651375"
"1"," -0.010039913"
"1","  0.165530212"
"1","
x.21.Energ_fact_prim     "
"1","  0.160317759"
"1"," -0.14627656"
"1","  0.031634319"
"1","  0.1936059519"
"1"," -0.20475353"
"1"," -0.18503185"
"1","  0.03789700"
"1"," -0.065491088"
"1"," -0.344839996"
"1","
x.21.Energ_fact_Ind      "
"1","  0.067569062"
"1"," -0.04608339"
"1","  0.060072417"
"1"," -0.1365295866"
"1"," -0.01166869"
"1"," -0.14941071"
"1","  0.03403619"
"1"," -0.537650234"
"1","  0.234078012"
"1","
x.21.Energ_fact_cys      "
"1","  0.225677736"
"1"," -0.06436877"
"1","  0.061134910"
"1","  0.1490704086"
"1"," -0.32632949"
"1"," -0.07909024"
"1"," -0.10896344"
"1"," -0.183845399"
"1"," -0.005352635"
"1","
x.21.Energ_fact_total    "
"1","  0.234849391"
"1"," -0.01147556"
"1","  0.050073024"
"1","  0.1179522002"
"1"," -0.33715084"
"1"," -0.02408301"
"1"," -0.20099643"
"1"," -0.188607866"
"1","  0.104981432"
"1","
x.21.IVF_M_total         "
"1"," -0.178856299"
"1","  0.23925181"
"1"," -0.025940353"
"1","  0.2828499661"
"1"," -0.13389166"
"1","  0.15485964"
"1","  0.23103772"
"1"," -0.017479221"
"1","  0.070088418"
"1","
x.21.IVF_M_Consumo       "
"1"," -0.225917105"
"1","  0.22227533"
"1"," -0.047692435"
"1","  0.1513132317"
"1","  0.03949392"
"1"," -0.24826843"
"1"," -0.13968250"
"1"," -0.017747784"
"1"," -0.051026055"
"1","
x.21.IVF_M_autos         "
"1"," -0.217691901"
"1","  0.10069306"
"1"," -0.028260442"
"1","  0.0876095912"
"1"," -0.07724334"
"1"," -0.20934792"
"1"," -0.05537958"
"1"," -0.127527147"
"1","  0.208567800"
"1","
x.21.IVF_M_durables      "
"1"," -0.205533049"
"1","  0.19261819"
"1"," -0.039516449"
"1","  0.0672309649"
"1","  0.08967116"
"1"," -0.22690121"
"1"," -0.09101260"
"1"," -0.073673604"
"1"," -0.076503726"
"1","
x.21.IVF_M_bienes_K      "
"1"," -0.096562837"
"1","  0.16526433"
"1","  0.005660691"
"1","  0.2181242329"
"1"," -0.04246718"
"1"," -0.14778225"
"1","  0.07804378"
"1","  0.202060568"
"1","  0.190351736"
"1","
x.21.IVF_M_bienes_Int    "
"1"," -0.141355214"
"1","  0.19599966"
"1"," -0.029863921"
"1","  0.2285493677"
"1"," -0.17524083"
"1","  0.33757639"
"1","  0.27789622"
"1"," -0.112158284"
"1"," -0.005009566"
"1","
x.21.IVF_M_petoleo       "
"1"," -0.115154032"
"1","  0.09472682"
"1"," -0.027643779"
"1","  0.1356107859"
"1"," -0.16462448"
"1","  0.35992567"
"1","  0.40537491"
"1"," -0.199673971"
"1","  0.015044863"
"1","
x.21.IVF_M_sEnerg        "
"1"," -0.125458680"
"1","  0.23987470"
"1"," -0.043922928"
"1","  0.1556583707"
"1"," -0.09458987"
"1"," -0.04428952"
"1"," -0.23008469"
"1","  0.223208434"
"1","  0.085714156"
"1","
x.21.IVF_X               "
"1"," -0.161970176"
"1","  0.07492681"
"1"," -0.081788588"
"1"," -0.2336475000"
"1","  0.02462567"
"1","  0.31933979"
"1"," -0.26060981"
"1"," -0.281874977"
"1"," -0.091356701"
"1","
x.21.IVF_X_primario      "
"1"," -0.080492533"
"1","  0.01878546"
"1"," -0.081239092"
"1"," -0.2249898963"
"1"," -0.04222400"
"1","  0.35691313"
"1"," -0.33194131"
"1"," -0.114816846"
"1","  0.079561577"
"1","
x.21.IVF_X_Ind           "
"1"," -0.172403120"
"1","  0.08815282"
"1"," -0.055805770"
"1"," -0.1176409139"
"1","  0.06564315"
"1","  0.02059068"
"1"," -0.03747929"
"1"," -0.308328132"
"1"," -0.230004321"
"1","
x.21.Int_act_MN_prom     "
"1"," -0.148231214"
"1"," -0.19609998"
"1","  0.060209858"
"1"," -0.0070743946"
"1","  0.01429645"
"1"," -0.15875916"
"1","  0.13087400"
"1"," -0.187682870"
"1"," -0.236656198"
"1","
x.21.Int_act_MN_Emp      "
"1","  0.012749397"
"1"," -0.10823445"
"1","  0.170761145"
"1","  0.0308402911"
"1","  0.20263789"
"1"," -0.08373251"
"1","  0.12915492"
"1"," -0.035353672"
"1"," -0.168395272"
"1","
x.21.Cpmm_Ind_Mats       "
"1","  0.060479397"
"1","  0.01562886"
"1"," -0.342395846"
"1"," -0.0963141660"
"1"," -0.21196586"
"1"," -0.15244698"
"1","  0.10993133"
"1","  0.018308931"
"1"," -0.065352385"
"1","
x.21.Comm_Non_Fuel       "
"1","  0.062699794"
"1","  0.02364724"
"1"," -0.393908925"
"1"," -0.1899090656"
"1"," -0.21126578"
"1"," -0.10698817"
"1","  0.09578433"
"1","  0.073764248"
"1"," -0.106879451"
"1","
x.21.Comm_Food           "
"1","  0.031702156"
"1","  0.03927931"
"1"," -0.330718109"
"1"," -0.2608431965"
"1"," -0.17926939"
"1"," -0.06360457"
"1","  0.08332587"
"1","  0.101298913"
"1"," -0.129269986"
"1","
x.21.Comm_Meat           "
"1","  0.009267525"
"1","  0.06450005"
"1"," -0.191171643"
"1"," -0.2220123389"
"1"," -0.14791474"
"1","  0.14662828"
"1"," -0.04873169"
"1","  0.166514967"
"1"," -0.235927608"
"1","
x.21.TC_Prom_Interb_media"
"1"," -0.017234528"
"1","  0.09433825"
"1","  0.441994580"
"1"," -0.1500347450"
"1"," -0.08579551"
"1","  0.05866958"
"1"," -0.01534553"
"1","  0.082790340"
"1"," -0.147380658"
"1","
x.21.Emision_cierre      "
"1"," -0.205528956"
"1"," -0.21987240"
"1","  0.031726380"
"1","  0.0002335062"
"1"," -0.22240817"
"1"," -0.09319099"
"1","  0.13718280"
"1"," -0.140922710"
"1"," -0.096216764"
"1","
"
"1","                         "
"1","         PC10"
"1","         PC11"
"1","          PC12"
"1","         PC13"
"1","         PC14"
"1","         PC15"
"1","         PC16"
"1","        PC17"
"1","         PC18"
"1","
x.21.IMS                 "
"1","  0.044566425"
"1"," -0.166723627"
"1"," -2.336424e-02"
"1","  0.055777637"
"1","  0.151727871"
"1"," -0.085785907"
"1"," -0.042010678"
"1","  0.01688596"
"1","  0.197949861"
"1","
x.21.IVF_Ind             "
"1"," -0.180711246"
"1"," -0.055673681"
"1","  2.084385e-02"
"1","  0.122450924"
"1","  0.069406576"
"1"," -0.207927505"
"1","  0.147096657"
"1","  0.12003241"
"1"," -0.048606880"
"1","
x.21.IVF_Ind_SREF        "
"1"," -0.071451813"
"1","  0.047325757"
"1"," -3.424891e-02"
"1","  0.082139871"
"1","  0.064998295"
"1"," -0.255611585"
"1","  0.096354235"
"1","  0.12749148"
"1"," -0.042152970"
"1","
x.21.Energ_fact_res      "
"1","  0.211070397"
"1"," -0.018659130"
"1"," -7.284216e-02"
"1","  0.060010208"
"1"," -0.237169282"
"1","  0.055960221"
"1"," -0.011692713"
"1","  0.07997380"
"1"," -0.110427865"
"1","
x.21.Energ_fact_prim     "
"1","  0.095750256"
"1"," -0.096912105"
"1","  1.019658e-01"
"1","  0.013526075"
"1","  0.108491470"
"1"," -0.207859875"
"1"," -0.203077858"
"1"," -0.26988947"
"1","  0.361005268"
"1","
x.21.Energ_fact_Ind      "
"1"," -0.113776874"
"1","  0.219031172"
"1","  2.242702e-01"
"1"," -0.179520572"
"1","  0.056445597"
"1","  0.187948262"
"1","  0.392678493"
"1","  0.14571808"
"1","  0.101810546"
"1","
x.21.Energ_fact_cys      "
"1","  0.128199335"
"1","  0.102599564"
"1"," -5.944876e-02"
"1"," -0.033691266"
"1"," -0.048082993"
"1"," -0.068308080"
"1","  0.075641252"
"1"," -0.04407490"
"1"," -0.008358766"
"1","
x.21.Energ_fact_total    "
"1","  0.163555102"
"1","  0.047570176"
"1"," -1.422320e-02"
"1"," -0.005820406"
"1"," -0.133733249"
"1","  0.019736854"
"1","  0.065671784"
"1","  0.02195000"
"1"," -0.012204324"
"1","
x.21.IVF_M_total         "
"1","  0.102116756"
"1"," -0.061936642"
"1","  5.689612e-02"
"1"," -0.108843307"
"1","  0.022151831"
"1","  0.100846105"
"1","  0.012978216"
"1"," -0.03637244"
"1"," -0.037438451"
"1","
x.21.IVF_M_Consumo       "
"1","  0.108395559"
"1","  0.038815068"
"1","  8.749599e-03"
"1","  0.105361049"
"1"," -0.058829738"
"1","  0.030039428"
"1","  0.046418746"
"1"," -0.09779218"
"1","  0.235947802"
"1","
x.21.IVF_M_autos         "
"1"," -0.034305987"
"1"," -0.050550765"
"1","  9.373992e-02"
"1","  0.006657240"
"1"," -0.032419551"
"1"," -0.541734217"
"1","  0.111502347"
"1","  0.19519158"
"1","  0.048475866"
"1","
x.21.IVF_M_durables      "
"1","  0.117923183"
"1","  0.097967650"
"1","  1.098693e-01"
"1"," -0.030098548"
"1"," -0.055094047"
"1","  0.377672532"
"1","  0.064988355"
"1"," -0.37338367"
"1","  0.351262695"
"1","
x.21.IVF_M_bienes_K      "
"1","  0.183226312"
"1"," -0.152321761"
"1","  3.134590e-01"
"1"," -0.598196719"
"1","  0.057254510"
"1"," -0.034328792"
"1"," -0.050398110"
"1"," -0.15504715"
"1"," -0.337634321"
"1","
x.21.IVF_M_bienes_Int    "
"1","  0.011651102"
"1"," -0.009824483"
"1"," -6.828785e-02"
"1","  0.125190779"
"1","  0.020417533"
"1","  0.127427930"
"1","  0.026467102"
"1","  0.04294403"
"1","  0.056269119"
"1","
x.21.IVF_M_petoleo       "
"1"," -0.050167577"
"1"," -0.034363868"
"1"," -6.927487e-02"
"1","  0.117328311"
"1","  0.100527195"
"1"," -0.125300532"
"1","  0.167126610"
"1"," -0.07961976"
"1","  0.108463930"
"1","
x.21.IVF_M_sEnerg        "
"1","  0.072461117"
"1","  0.145049050"
"1"," -8.321021e-02"
"1","  0.292379072"
"1","  0.034023427"
"1","  0.382705138"
"1"," -0.074229961"
"1","  0.26317122"
"1"," -0.104956366"
"1","
x.21.IVF_X               "
"1","  0.200020266"
"1"," -0.020855989"
"1","  4.068706e-02"
"1"," -0.127149334"
"1","  0.027568864"
"1"," -0.022822267"
"1"," -0.265336580"
"1"," -0.05284933"
"1","  0.017754585"
"1","
x.21.IVF_X_primario      "
"1","  0.092090240"
"1"," -0.051137670"
"1","  4.727869e-01"
"1","  0.153502250"
"1","  0.274881578"
"1"," -0.037063564"
"1"," -0.103458991"
"1"," -0.10896575"
"1"," -0.018465585"
"1","
x.21.IVF_X_Ind           "
"1","  0.194167280"
"1"," -0.006085844"
"1"," -4.879562e-01"
"1"," -0.379470316"
"1"," -0.201932667"
"1"," -0.024225351"
"1"," -0.228651680"
"1","  0.14100534"
"1","  0.003595695"
"1","
x.21.Int_act_MN_prom     "
"1","  0.336137948"
"1","  0.103543473"
"1","  4.100061e-02"
"1","  0.341747138"
"1","  0.020058898"
"1"," -0.019810037"
"1","  0.086047262"
"1"," -0.33406575"
"1"," -0.528904850"
"1","
x.21.Int_act_MN_Emp      "
"1","  0.537013712"
"1"," -0.373830333"
"1","  1.670478e-01"
"1","  0.067391789"
"1","  0.150525724"
"1","  0.114896249"
"1","  0.142280774"
"1","  0.53197855"
"1","  0.115658802"
"1","
x.21.Cpmm_Ind_Mats       "
"1","  0.104137420"
"1","  0.214436551"
"1"," -1.347491e-01"
"1"," -0.033633935"
"1","  0.365681467"
"1"," -0.018674161"
"1"," -0.003598468"
"1","  0.07809134"
"1"," -0.192735151"
"1","
x.21.Comm_Non_Fuel       "
"1","  0.045577013"
"1","  0.080594807"
"1"," -5.513678e-02"
"1"," -0.081885845"
"1","  0.262705459"
"1","  0.074654422"
"1","  0.047439784"
"1","  0.07978109"
"1"," -0.039736566"
"1","
x.21.Comm_Food           "
"1"," -0.023682218"
"1"," -0.098911320"
"1","  1.067657e-01"
"1"," -0.099175530"
"1","  0.007692488"
"1","  0.149346127"
"1","  0.135356373"
"1","  0.05887607"
"1","  0.187403873"
"1","
x.21.Comm_Meat           "
"1","  0.013727343"
"1"," -0.334840265"
"1","  9.636007e-02"
"1"," -0.015197366"
"1"," -0.498824920"
"1"," -0.024490032"
"1","  0.429563826"
"1"," -0.10985156"
"1"," -0.091146802"
"1","
x.21.TC_Prom_Interb_media"
"1"," -0.023891728"
"1","  0.025319376"
"1"," -6.637041e-02"
"1"," -0.050976818"
"1","  0.120455683"
"1","  0.031013902"
"1","  0.173364734"
"1","  0.00173389"
"1"," -0.074617943"
"1","
x.21.Emision_cierre      "
"1"," -0.152610627"
"1"," -0.037769894"
"1","  1.671795e-01"
"1","  0.054647397"
"1"," -0.243911032"
"1","  0.131147107"
"1"," -0.205883189"
"1","  0.17479320"
"1"," -0.078347880"
"1","
"
"1","                         "
"1","         PC19"
"1","         PC20"
"1","         PC21"
"1","          PC22"
"1","          PC23"
"1","         PC24"
"1","         PC25"
"1","         PC26"
"1","         PC27"
"1","
x.21.IMS                 "
"1","  0.008876633"
"1"," -0.202266522"
"1","  0.113599808"
"1","  0.0152196919"
"1","  0.8050463180"
"1"," -0.061609304"
"1"," -0.102908472"
"1","  0.101865593"
"1","  0.009288903"
"1","
x.21.IVF_Ind             "
"1","  0.207168959"
"1"," -0.207585546"
"1"," -0.428323958"
"1","  0.1592839272"
"1"," -0.0440325299"
"1"," -0.035684951"
"1"," -0.141641993"
"1"," -0.054877865"
"1","  0.199160698"
"1","
x.21.IVF_Ind_SREF        "
"1","  0.121845937"
"1"," -0.168235638"
"1"," -0.277958456"
"1"," -0.0078146770"
"1","  0.0677513376"
"1","  0.098364562"
"1","  0.081557526"
"1","  0.113814324"
"1"," -0.137339512"
"1","
x.21.Energ_fact_res      "
"1","  0.025000393"
"1","  0.223063255"
"1"," -0.202734610"
"1","  0.1675757498"
"1"," -0.0007797481"
"1"," -0.419606214"
"1","  0.052782097"
"1"," -0.110615090"
"1","  0.064809990"
"1","
x.21.Energ_fact_prim     "
"1","  0.095771179"
"1"," -0.319146145"
"1","  0.213123679"
"1","  0.1506278149"
"1"," -0.3685669775"
"1"," -0.113152804"
"1","  0.133657449"
"1"," -0.098566253"
"1","  0.099258614"
"1","
x.21.Energ_fact_Ind      "
"1","  0.010447342"
"1"," -0.393943493"
"1","  0.081209713"
"1"," -0.0397160996"
"1","  0.1017649952"
"1"," -0.130415639"
"1","  0.017919630"
"1"," -0.122084293"
"1"," -0.003480849"
"1","
x.21.Energ_fact_cys      "
"1","  0.040882877"
"1","  0.080349231"
"1"," -0.067064915"
"1"," -0.2360100275"
"1"," -0.0319508820"
"1","  0.674056205"
"1"," -0.108692882"
"1","  0.182297823"
"1"," -0.119458822"
"1","
x.21.Energ_fact_total    "
"1","  0.037672128"
"1","  0.053150890"
"1"," -0.118979370"
"1","  0.0445470725"
"1"," -0.0791485864"
"1"," -0.067223285"
"1","  0.004460077"
"1"," -0.025166337"
"1","  0.020248826"
"1","
x.21.IVF_M_total         "
"1","  0.029772865"
"1"," -0.091326678"
"1","  0.055191706"
"1"," -0.0004016143"
"1"," -0.0855029095"
"1"," -0.112860195"
"1"," -0.301265157"
"1","  0.075151041"
"1"," -0.141887131"
"1","
x.21.IVF_M_Consumo       "
"1"," -0.146358123"
"1","  0.139427254"
"1","  0.101735631"
"1"," -0.0482788881"
"1","  0.0733677371"
"1"," -0.058834798"
"1","  0.066367496"
"1"," -0.293798243"
"1"," -0.587911195"
"1","
x.21.IVF_M_autos         "
"1"," -0.110755596"
"1","  0.338309043"
"1","  0.471961579"
"1"," -0.0704703358"
"1","  0.0032960784"
"1"," -0.072514309"
"1"," -0.089174218"
"1","  0.100743872"
"1","  0.232536049"
"1","
x.21.IVF_M_durables      "
"1"," -0.209279897"
"1","  0.197872324"
"1"," -0.194604583"
"1","  0.0342711432"
"1","  0.0997889998"
"1","  0.026025248"
"1"," -0.023045004"
"1","  0.276928727"
"1","  0.338699585"
"1","
x.21.IVF_M_bienes_K      "
"1","  0.126810723"
"1"," -0.096673638"
"1"," -0.034917311"
"1","  0.0855554557"
"1","  0.0736292199"
"1","  0.100711310"
"1","  0.171997161"
"1"," -0.058340847"
"1","  0.029418668"
"1","
x.21.IVF_M_bienes_Int    "
"1","  0.043446935"
"1"," -0.103670550"
"1","  0.069595193"
"1"," -0.0069717253"
"1"," -0.1387628363"
"1"," -0.076997186"
"1"," -0.394961830"
"1","  0.145287419"
"1"," -0.048207385"
"1","
x.21.IVF_M_petoleo       "
"1"," -0.025504466"
"1","  0.173077910"
"1"," -0.150881500"
"1","  0.0154005961"
"1","  0.1315471119"
"1","  0.150476517"
"1","  0.548719162"
"1"," -0.248168244"
"1","  0.149609429"
"1","
x.21.IVF_M_sEnerg        "
"1","  0.097999491"
"1"," -0.263688681"
"1","  0.380876927"
"1"," -0.0944216331"
"1"," -0.0647275764"
"1","  0.183150715"
"1","  0.308996787"
"1"," -0.075979932"
"1","  0.210933588"
"1","
x.21.IVF_X               "
"1"," -0.014747264"
"1","  0.002471199"
"1","  0.076992264"
"1","  0.0127786732"
"1","  0.0008390340"
"1","  0.058359928"
"1"," -0.028294151"
"1"," -0.089147914"
"1","  0.241374896"
"1","
x.21.IVF_X_primario      "
"1","  0.018467636"
"1","  0.026969507"
"1","  0.066968924"
"1","  0.1479825123"
"1","  0.0143627245"
"1","  0.095862549"
"1"," -0.003270764"
"1","  0.050563783"
"1"," -0.242225818"
"1","
x.21.IVF_X_Ind           "
"1","  0.075537708"
"1"," -0.089042802"
"1","  0.088889798"
"1","  0.0094792478"
"1","  0.1250003781"
"1","  0.014616325"
"1","  0.025394090"
"1"," -0.027447611"
"1"," -0.063781401"
"1","
x.21.Int_act_MN_prom     "
"1","  0.149031418"
"1","  0.003637953"
"1","  0.080520505"
"1"," -0.2444477291"
"1","  0.1750298379"
"1"," -0.162698662"
"1"," -0.054014122"
"1"," -0.038007341"
"1","  0.055919157"
"1","
x.21.Int_act_MN_Emp      "
"1"," -0.078778639"
"1","  0.092696292"
"1"," -0.130770342"
"1","  0.0381550993"
"1"," -0.0716113660"
"1","  0.072037630"
"1"," -0.002310775"
"1"," -0.037695473"
"1","  0.019725778"
"1","
x.21.Cpmm_Ind_Mats       "
"1"," -0.497419389"
"1"," -0.012137737"
"1"," -0.011530797"
"1","  0.2661183386"
"1","  0.0078742880"
"1"," -0.007386656"
"1"," -0.010639236"
"1","  0.080048727"
"1","  0.104615095"
"1","
x.21.Comm_Non_Fuel       "
"1","  0.034810791"
"1","  0.091046941"
"1"," -0.013229430"
"1"," -0.0375317916"
"1"," -0.1132661246"
"1"," -0.061044000"
"1"," -0.037831513"
"1"," -0.064046767"
"1"," -0.195965671"
"1","
x.21.Comm_Food           "
"1","  0.557904892"
"1","  0.270458402"
"1","  0.085373815"
"1"," -0.2137607870"
"1","  0.0236476294"
"1"," -0.069486343"
"1","  0.014501614"
"1","  0.089301702"
"1","  0.102272661"
"1","
x.21.Comm_Meat           "
"1"," -0.344002599"
"1"," -0.236326892"
"1","  0.127158476"
"1"," -0.0481971226"
"1"," -0.0493777351"
"1","  0.065728981"
"1","  0.033048772"
"1"," -0.027977337"
"1","  0.001939029"
"1","
x.21.TC_Prom_Interb_media"
"1","  0.005536556"
"1","  0.026198654"
"1","  0.181374539"
"1","  0.1902112224"
"1"," -0.0348331554"
"1","  0.033724364"
"1"," -0.076014558"
"1","  0.228423899"
"1","  0.119671934"
"1","
x.21.Emision_cierre      "
"1","  0.016479462"
"1","  0.029227388"
"1","  0.037496919"
"1","  0.2736991742"
"1","  0.0810545132"
"1"," -0.073450940"
"1","  0.328264998"
"1","  0.520218932"
"1"," -0.242297416"
"1","
"
"1","                         "
"1","         PC28"
"1","         PC29"
"1","         PC30"
"1","         PC31"
"1","          PC32"
"1","         PC33"
"1","          PC34"
"1","          PC35"
"1","          PC36"
"1","
x.21.IMS                 "
"1","  0.018635206"
"1","  0.046251313"
"1","  0.065339866"
"1","  0.040220720"
"1"," -0.1074125824"
"1"," -0.035989293"
"1"," -0.0012077533"
"1"," -0.0238326776"
"1"," -0.0048794015"
"1","
x.21.IVF_Ind             "
"1","  0.498066007"
"1","  0.218979404"
"1","  0.142872429"
"1"," -0.054099503"
"1","  0.0010826908"
"1"," -0.022682956"
"1"," -0.0130814551"
"1","  0.0079165437"
"1"," -0.0056678482"
"1","
x.21.IVF_Ind_SREF        "
"1"," -0.645640036"
"1"," -0.240898263"
"1"," -0.231249688"
"1","  0.054451651"
"1"," -0.0300457521"
"1","  0.052819211"
"1","  0.0377197995"
"1"," -0.0162586131"
"1","  0.0205083486"
"1","
x.21.Energ_fact_res      "
"1"," -0.087006038"
"1"," -0.103440198"
"1","  0.037703053"
"1","  0.078725675"
"1","  0.0171651333"
"1","  0.037303318"
"1","  0.0581740581"
"1","  0.4707663930"
"1","  0.1549952948"
"1","
x.21.Energ_fact_prim     "
"1"," -0.066586922"
"1"," -0.029078451"
"1","  0.014385761"
"1","  0.013840241"
"1","  0.0455980331"
"1","  0.003640542"
"1","  0.0254998243"
"1","  0.1026541117"
"1","  0.0303675894"
"1","
x.21.Energ_fact_Ind      "
"1"," -0.027913121"
"1"," -0.017378875"
"1","  0.007432965"
"1","  0.079532934"
"1"," -0.0199481104"
"1","  0.014010550"
"1","  0.0129349429"
"1","  0.1368830093"
"1","  0.0528854365"
"1","
x.21.Energ_fact_cys      "
"1","  0.138938276"
"1","  0.076452245"
"1"," -0.096862585"
"1"," -0.141728247"
"1"," -0.0202011230"
"1","  0.027040267"
"1","  0.0565900158"
"1","  0.2529575544"
"1","  0.0904319679"
"1","
x.21.Energ_fact_total    "
"1"," -0.031997861"
"1"," -0.053011552"
"1","  0.018068386"
"1","  0.009431396"
"1","  0.0110670172"
"1"," -0.046518782"
"1"," -0.1077671487"
"1"," -0.7496419517"
"1"," -0.2491660301"
"1","
x.21.IVF_M_total         "
"1","  0.020190222"
"1","  0.054171403"
"1"," -0.056780365"
"1","  0.024816309"
"1"," -0.0114018577"
"1","  0.098227321"
"1","  0.7098801650"
"1"," -0.0728597923"
"1"," -0.1076463784"
"1","
x.21.IVF_M_Consumo       "
"1","  0.312814043"
"1"," -0.165941576"
"1"," -0.168497523"
"1","  0.124203822"
"1"," -0.0645987012"
"1","  0.033900437"
"1"," -0.1344159890"
"1"," -0.0171955442"
"1","  0.0302177497"
"1","
x.21.IVF_M_autos         "
"1"," -0.068115788"
"1","  0.081159563"
"1","  0.121220974"
"1"," -0.053904019"
"1"," -0.0144955821"
"1"," -0.015455770"
"1"," -0.0102053626"
"1","  0.0063104986"
"1"," -0.0101466744"
"1","
x.21.IVF_M_durables      "
"1"," -0.137649578"
"1","  0.015539810"
"1","  0.160763436"
"1"," -0.117125642"
"1","  0.0198842582"
"1"," -0.044955777"
"1","  0.0010319834"
"1","  0.0173137936"
"1"," -0.0159139119"
"1","
x.21.IVF_M_bienes_K      "
"1","  0.010901789"
"1"," -0.033751299"
"1"," -0.006454704"
"1"," -0.003268655"
"1"," -0.0189871610"
"1"," -0.032240289"
"1"," -0.2509417741"
"1","  0.0181657005"
"1","  0.0406862774"
"1","
x.21.IVF_M_bienes_Int    "
"1"," -0.087907613"
"1","  0.040848267"
"1"," -0.027697050"
"1","  0.001005235"
"1","  0.0345786167"
"1"," -0.052821075"
"1"," -0.6006999301"
"1","  0.0666400279"
"1","  0.0970737453"
"1","
x.21.IVF_M_petoleo       "
"1","  0.062163519"
"1"," -0.093639307"
"1","  0.086895016"
"1"," -0.004353707"
"1","  0.0051597313"
"1"," -0.032896030"
"1","  0.0542428997"
"1"," -0.0030609404"
"1"," -0.0234207401"
"1","
x.21.IVF_M_sEnerg        "
"1"," -0.008079806"
"1","  0.056176706"
"1","  0.065748435"
"1"," -0.024868082"
"1","  0.0180752092"
"1"," -0.031249505"
"1","  0.0344547806"
"1"," -0.0099846973"
"1"," -0.0093332973"
"1","
x.21.IVF_X               "
"1","  0.073751577"
"1","  0.098171623"
"1"," -0.349325270"
"1","  0.159647687"
"1"," -0.5250893345"
"1"," -0.019173596"
"1"," -0.0012658981"
"1"," -0.0070862130"
"1","  0.0023860792"
"1","
x.21.IVF_X_primario      "
"1"," -0.017963912"
"1"," -0.045510625"
"1","  0.225120743"
"1"," -0.153123935"
"1","  0.3789123407"
"1","  0.015750704"
"1","  0.0224252435"
"1","  0.0076622075"
"1"," -0.0039339837"
"1","
x.21.IVF_X_Ind           "
"1","  0.024253204"
"1"," -0.050498780"
"1","  0.284591771"
"1"," -0.093944058"
"1","  0.3492378428"
"1"," -0.001682977"
"1","  0.0119731958"
"1","  0.0038701196"
"1"," -0.0064903905"
"1","
x.21.Int_act_MN_prom     "
"1","  0.004888077"
"1","  0.018366146"
"1","  0.057870894"
"1","  0.051302033"
"1","  0.0122088368"
"1"," -0.025933597"
"1"," -0.0083791443"
"1","  0.0019467503"
"1"," -0.0105536765"
"1","
x.21.Int_act_MN_Emp      "
"1"," -0.031144140"
"1","  0.051692642"
"1"," -0.017126635"
"1"," -0.029033219"
"1"," -0.0037166723"
"1","  0.001830945"
"1"," -0.0057206677"
"1"," -0.0031015455"
"1","  0.0162573889"
"1","
x.21.Cpmm_Ind_Mats       "
"1","  0.096318643"
"1","  0.020020192"
"1"," -0.292444918"
"1","  0.158444873"
"1","  0.2731875568"
"1","  0.005810203"
"1"," -0.0051892037"
"1"," -0.0023576601"
"1","  0.0120722993"
"1","
x.21.Comm_Non_Fuel       "
"1"," -0.101184160"
"1"," -0.078098573"
"1","  0.454480096"
"1"," -0.261193488"
"1"," -0.5048201589"
"1"," -0.008996546"
"1"," -0.0063623724"
"1","  0.0242242782"
"1"," -0.0273884521"
"1","
x.21.Comm_Food           "
"1","  0.088659254"
"1"," -0.078052927"
"1"," -0.252429945"
"1","  0.204283251"
"1","  0.2407565164"
"1"," -0.007148995"
"1","  0.0085188409"
"1"," -0.0120883160"
"1","  0.0026298664"
"1","
x.21.Comm_Meat           "
"1"," -0.025785995"
"1","  0.037409265"
"1","  0.018697067"
"1"," -0.028313202"
"1","  0.0076777129"
"1","  0.005468590"
"1","  0.0004756136"
"1","  0.0006968200"
"1"," -0.0017170673"
"1","
x.21.TC_Prom_Interb_media"
"1","  0.245499924"
"1"," -0.672860890"
"1","  0.047070998"
"1","  0.028020246"
"1"," -0.1102393867"
"1"," -0.002966634"
"1","  0.0215101766"
"1","  0.0155569300"
"1"," -0.0265660398"
"1","
x.21.Emision_cierre      "
"1","  0.103197821"
"1","  0.160303170"
"1"," -0.004150202"
"1","  0.051361129"
"1"," -0.1584964186"
"1","  0.009580604"
"1"," -0.0131028937"
"1"," -0.0007597595"
"1"," -0.0026638399"
"1","
"
"1","                         "
"1","          PC37"
"1","
x.21.IMS                 "
"1"," -0.0014426302"
"1","
x.21.IVF_Ind             "
"1","  0.0015152476"
"1","
x.21.IVF_Ind_SREF        "
"1"," -0.0001098624"
"1","
x.21.Energ_fact_res      "
"1","  0.0081163129"
"1","
x.21.Energ_fact_prim     "
"1","  0.0005452500"
"1","
x.21.Energ_fact_Ind      "
"1","  0.0001314115"
"1","
x.21.Energ_fact_cys      "
"1","  0.0059990985"
"1","
x.21.Energ_fact_total    "
"1"," -0.0124411561"
"1","
x.21.IVF_M_total         "
"1"," -0.0060758080"
"1","
x.21.IVF_M_Consumo       "
"1"," -0.0042543005"
"1","
x.21.IVF_M_autos         "
"1"," -0.0005036107"
"1","
x.21.IVF_M_durables      "
"1","  0.0037522858"
"1","
x.21.IVF_M_bienes_K      "
"1","  0.0022107755"
"1","
x.21.IVF_M_bienes_Int    "
"1","  0.0071523338"
"1","
x.21.IVF_M_petoleo       "
"1"," -0.0021542695"
"1","
x.21.IVF_M_sEnerg        "
"1"," -0.0017378585"
"1","
x.21.IVF_X               "
"1"," -0.0066448551"
"1","
x.21.IVF_X_primario      "
"1","  0.0057747767"
"1","
x.21.IVF_X_Ind           "
"1","  0.0033877057"
"1","
x.21.Int_act_MN_prom     "
"1"," -0.0012312764"
"1","
x.21.Int_act_MN_Emp      "
"1"," -0.0002997955"
"1","
x.21.Cpmm_Ind_Mats       "
"1","  0.0047522060"
"1","
x.21.Comm_Non_Fuel       "
"1"," -0.0084319607"
"1","
x.21.Comm_Food           "
"1","  0.0048617993"
"1","
x.21.Comm_Meat           "
"1"," -0.0008324699"
"1","
x.21.TC_Prom_Interb_media"
"1"," -0.0003331947"
"1","
x.21.Emision_cierre      "
"1"," -0.0015614974"
"1","
"
"1"," [ reached getOption(""max.print"") -- omitted 10 rows ]
"
"0","pr.out$x #son los componentes principales"
"1","      "
"1","         PC1"
"1","         PC2"
"1","         PC3"
"1","          PC4"
"1","         PC5"
"1","         PC6"
"1","          PC7"
"1","          PC8"
"1","          PC9"
"1","        PC10"
"1","         PC11"
"1","
  [1,]"
"1","  1.95902814"
"1"," -3.10537304"
"1"," -2.07177263"
"1"," -3.816343714"
"1"," -0.38351760"
"1"," -0.08254193"
"1"," -0.789669290"
"1","  0.717233052"
"1"," -0.767561422"
"1","  0.35506739"
"1","  0.410365362"
"1","
  [2,]"
"1"," -1.77105609"
"1","  0.12684068"
"1"," -1.87971854"
"1"," -0.066508982"
"1","  0.58252803"
"1"," -1.56145209"
"1","  0.536422020"
"1","  1.369000571"
"1","  0.070976007"
"1"," -0.04462457"
"1","  0.948381922"
"1","
  [3,]"
"1"," -2.26867626"
"1","  2.08604387"
"1"," -2.26362186"
"1","  1.945931782"
"1","  0.80483133"
"1","  1.34672961"
"1","  0.025380010"
"1"," -0.922185144"
"1","  0.484638607"
"1","  0.06584432"
"1"," -0.678504022"
"1","
  [4,]"
"1","  0.33749804"
"1","  0.76416301"
"1"," -0.91601100"
"1"," -0.960474105"
"1","  0.13376931"
"1","  1.00100495"
"1","  0.512223700"
"1"," -0.404084501"
"1","  0.210281240"
"1","  1.23730293"
"1"," -1.676623897"
"1","
  [5,]"
"1"," -0.72478629"
"1"," -0.44319447"
"1"," -0.94876438"
"1"," -0.723011688"
"1"," -0.25616973"
"1","  0.51067240"
"1"," -1.063791334"
"1","  0.172693029"
"1","  0.421219779"
"1"," -0.57779504"
"1"," -0.066030089"
"1","
  [6,]"
"1","  0.74951968"
"1"," -0.73799291"
"1"," -0.42438968"
"1"," -1.616524736"
"1","  1.45963913"
"1"," -2.34968476"
"1"," -2.718677441"
"1","  0.626252747"
"1"," -0.612438776"
"1","  1.20566441"
"1","  0.410770685"
"1","
  [7,]"
"1"," -0.52440294"
"1","  0.38668978"
"1","  1.43091067"
"1","  4.569278234"
"1","  0.24420118"
"1","  1.63028641"
"1","  3.256462856"
"1"," -1.338812708"
"1","  0.825583738"
"1"," -0.23697180"
"1"," -0.927978266"
"1","
  [8,]"
"1","  0.32454622"
"1"," -0.30375140"
"1","  4.94187735"
"1","  1.587688216"
"1","  0.70842058"
"1","  0.38012017"
"1"," -0.392534587"
"1","  2.137214713"
"1"," -0.833028886"
"1"," -0.46598289"
"1","  1.858805111"
"1","
  [9,]"
"1"," -2.10803273"
"1","  0.61488506"
"1","  8.23697791"
"1","  2.385150393"
"1","  3.94479868"
"1","  1.51718029"
"1"," -2.439519958"
"1"," -2.631280587"
"1"," -1.832683861"
"1","  2.67975353"
"1"," -1.970693607"
"1","
 [10,]"
"1","  1.80538724"
"1"," -2.81706442"
"1","  6.14573500"
"1"," -0.514396051"
"1","  2.14028421"
"1"," -1.83878152"
"1","  1.015380837"
"1"," -0.461946631"
"1","  0.986923953"
"1","  0.57281661"
"1"," -1.988734609"
"1","
 [11,]"
"1"," -2.93572737"
"1"," -2.66724601"
"1","  2.70783084"
"1","  1.560162630"
"1"," -3.46508088"
"1"," -0.41104048"
"1","  0.565431001"
"1","  0.435735961"
"1"," -2.587232233"
"1"," -1.82334541"
"1"," -0.284868194"
"1","
 [12,]"
"1","  8.11054585"
"1"," -1.24921822"
"1"," -3.45837924"
"1","  0.712203896"
"1","  0.53578584"
"1","  2.46919666"
"1"," -0.280489790"
"1"," -0.804623343"
"1","  0.692445274"
"1","  0.40350455"
"1"," -1.371836165"
"1","
 [13,]"
"1"," -1.69492397"
"1"," -0.91438849"
"1","  0.56407145"
"1","  0.406776492"
"1","  1.13035098"
"1","  1.50865020"
"1","  1.365811112"
"1"," -0.342464419"
"1"," -1.234488777"
"1","  0.10952880"
"1"," -0.470688023"
"1","
 [14,]"
"1"," -2.18491820"
"1","  2.26504422"
"1","  1.15952182"
"1"," -1.076698481"
"1"," -0.04971018"
"1"," -1.76239667"
"1"," -2.218746500"
"1","  2.052223721"
"1","  1.084841942"
"1"," -0.04036797"
"1","  0.527969098"
"1","
 [15,]"
"1","  1.10698712"
"1","  0.88360945"
"1"," -1.53681977"
"1"," -3.190751304"
"1"," -1.28969929"
"1","  0.97760128"
"1","  1.614127784"
"1"," -0.665617462"
"1","  0.810568746"
"1","  0.60400067"
"1","  0.978709770"
"1","
 [16,]"
"1"," -1.57862950"
"1","  1.41366329"
"1"," -2.83137873"
"1"," -3.158433385"
"1"," -0.14574043"
"1","  1.01352610"
"1"," -0.162818927"
"1","  0.697497013"
"1"," -0.310718602"
"1","  1.45904582"
"1","  0.138415665"
"1","
 [17,]"
"1"," -0.91675674"
"1","  0.64618441"
"1"," -1.11953590"
"1","  0.549391095"
"1"," -2.02006286"
"1"," -0.59151896"
"1","  0.605460765"
"1"," -0.452181732"
"1","  1.501785038"
"1"," -0.92581055"
"1","  0.310651886"
"1","
 [18,]"
"1","  1.40551589"
"1","  1.24843428"
"1"," -0.06950507"
"1","  1.489024843"
"1"," -1.80092050"
"1"," -0.40494400"
"1"," -1.427651721"
"1"," -0.362627435"
"1","  1.224261201"
"1","  1.96543441"
"1","  0.537409139"
"1","
 [19,]"
"1","  0.44745868"
"1"," -0.59142147"
"1"," -2.11414054"
"1","  0.329044115"
"1","  0.35681374"
"1"," -1.72422187"
"1","  1.170848115"
"1"," -0.763668610"
"1","  0.166877604"
"1","  1.22839206"
"1","  2.108088865"
"1","
 [20,]"
"1"," -0.74802311"
"1"," -0.34625296"
"1"," -1.90213868"
"1","  1.434850563"
"1","  3.54630079"
"1"," -1.82973936"
"1"," -1.443672708"
"1","  0.789383306"
"1","  0.689561984"
"1"," -1.86256455"
"1"," -0.484311848"
"1","
 [21,]"
"1"," -0.74686698"
"1"," -0.15546697"
"1"," -3.63517562"
"1","  0.291037224"
"1","  0.80312351"
"1","  0.19217440"
"1","  1.067734714"
"1"," -2.218027150"
"1"," -0.311552166"
"1","  0.36589685"
"1","  1.151046236"
"1","
 [22,]"
"1","  0.50713344"
"1"," -0.19740095"
"1"," -2.05379327"
"1","  0.060320761"
"1","  0.08007108"
"1"," -1.31438627"
"1","  1.856293987"
"1","  0.210026771"
"1"," -0.495310906"
"1"," -0.32229135"
"1"," -0.481214017"
"1","
 [23,]"
"1"," -3.69735062"
"1"," -1.89306074"
"1"," -3.62726201"
"1","  1.590745223"
"1"," -1.17756892"
"1"," -0.51111995"
"1"," -0.891011826"
"1"," -1.467012197"
"1"," -1.296482380"
"1"," -1.73354550"
"1"," -0.591307956"
"1","
 [24,]"
"1","  8.96555747"
"1"," -1.05727729"
"1"," -1.14987545"
"1","  0.308321317"
"1"," -2.05742973"
"1","  0.88851611"
"1"," -0.769215156"
"1","  0.863721039"
"1","  0.132768708"
"1"," -0.93340751"
"1"," -0.254160972"
"1","
 [25,]"
"1"," -0.59742263"
"1"," -2.25250715"
"1","  0.47282479"
"1"," -0.393944035"
"1","  1.56355617"
"1"," -1.97815640"
"1"," -1.165422659"
"1","  2.286105782"
"1"," -1.377090058"
"1","  1.01017808"
"1","  0.197938757"
"1","
 [26,]"
"1"," -5.40892541"
"1","  3.39334191"
"1"," -3.51375190"
"1","  1.608616494"
"1"," -4.00231540"
"1","  2.73239674"
"1","  1.229897905"
"1"," -1.091488435"
"1","  0.783650095"
"1"," -1.82407910"
"1","  0.207899116"
"1","
 [27,]"
"1","  3.32075405"
"1","  1.92536409"
"1"," -3.07110504"
"1"," -2.974370408"
"1","  1.68020088"
"1"," -1.33566671"
"1"," -0.828572981"
"1"," -2.297606627"
"1"," -1.151622189"
"1","  2.14110943"
"1","  1.319724130"
"1","
"
"1","      "
"1","         PC12"
"1","         PC13"
"1","          PC14"
"1","          PC15"
"1","          PC16"
"1","        PC17"
"1","         PC18"
"1","         PC19"
"1","        PC20"
"1","          PC21"
"1","
  [1,]"
"1","  1.273828281"
"1"," -0.507858481"
"1","  3.085479e-02"
"1"," -0.8299643880"
"1"," -0.2792820879"
"1","  0.01250018"
"1"," -0.884574622"
"1","  0.124059091"
"1"," -0.20637368"
"1","  0.4228779096"
"1","
  [2,]"
"1"," -0.250107169"
"1"," -0.828754595"
"1","  1.440154e+00"
"1","  1.1616687663"
"1"," -0.4807714535"
"1","  1.29331723"
"1","  0.225306453"
"1","  1.024351382"
"1","  0.34190613"
"1","  0.0541791376"
"1","
  [3,]"
"1","  1.242111932"
"1","  0.156581496"
"1"," -3.139544e-01"
"1","  0.3379622382"
"1","  1.2841191272"
"1"," -1.63015005"
"1","  0.405960837"
"1"," -0.545338756"
"1","  0.87363903"
"1"," -1.3383509774"
"1","
  [4,]"
"1"," -0.250934717"
"1"," -0.221050256"
"1"," -2.110900e+00"
"1"," -0.2360140956"
"1","  1.6192881606"
"1","  1.18479520"
"1"," -0.909084351"
"1","  0.203717828"
"1"," -0.80276471"
"1","  0.6610151173"
"1","
  [5,]"
"1","  1.208142728"
"1"," -0.432267516"
"1"," -5.439122e-01"
"1","  0.6570340430"
"1"," -1.5571996425"
"1","  1.23695850"
"1"," -0.048227991"
"1","  0.339705880"
"1","  0.29183141"
"1"," -0.1029048410"
"1","
  [6,]"
"1"," -1.258112802"
"1","  1.520349581"
"1"," -1.003562e+00"
"1","  1.3105744168"
"1"," -0.0855076876"
"1"," -0.45372777"
"1","  0.260172488"
"1"," -0.378975995"
"1","  0.10946017"
"1"," -0.7650697300"
"1","
  [7,]"
"1","  0.730232547"
"1"," -0.229398684"
"1"," -2.018013e+00"
"1"," -2.3113717842"
"1","  0.8627640477"
"1","  0.09036475"
"1"," -1.045245194"
"1"," -1.212202894"
"1"," -0.26746211"
"1","  0.5503694673"
"1","
  [8,]"
"1","  0.195228051"
"1","  1.119905672"
"1","  1.555337e+00"
"1"," -0.0429149600"
"1","  0.7186317457"
"1","  0.64040015"
"1","  0.221961397"
"1"," -0.455705575"
"1"," -0.66981720"
"1"," -0.4231582163"
"1","
  [9,]"
"1","  0.525127061"
"1"," -0.566021189"
"1","  5.399381e-01"
"1"," -0.4785787540"
"1","  0.5247057147"
"1","  0.95474888"
"1","  0.395698628"
"1"," -0.059422131"
"1"," -0.14514104"
"1","  0.0725104337"
"1","
 [10,]"
"1"," -0.312440614"
"1"," -0.497175205"
"1","  1.314790e-02"
"1","  0.7674004328"
"1"," -0.4854095376"
"1"," -0.25526490"
"1","  0.531341645"
"1"," -0.652942268"
"1","  0.34885360"
"1"," -0.0499967623"
"1","
 [11,]"
"1","  2.365766130"
"1","  1.305664571"
"1"," -4.219652e-02"
"1"," -0.1410121804"
"1"," -0.6311273432"
"1","  0.18889114"
"1"," -0.040571259"
"1","  0.756007047"
"1"," -0.33172968"
"1"," -0.4992190075"
"1","
 [12,]"
"1"," -0.454523972"
"1","  0.389903416"
"1","  3.389448e-01"
"1"," -2.4287516420"
"1"," -0.4874636840"
"1","  0.67206242"
"1"," -0.090046836"
"1","  0.310578263"
"1","  0.03863767"
"1","  0.3546442869"
"1","
 [13,]"
"1"," -2.161099043"
"1"," -0.265874917"
"1","  2.409547e-01"
"1","  0.9310984301"
"1"," -1.6273728500"
"1"," -0.60508403"
"1","  0.296508576"
"1"," -1.072285867"
"1"," -0.75803780"
"1"," -0.4052168382"
"1","
 [14,]"
"1","  1.680134971"
"1","  0.585098192"
"1","  1.859992e-01"
"1","  0.1034658007"
"1","  1.0425812873"
"1","  0.13124842"
"1","  0.117652845"
"1","  0.693191433"
"1","  0.03725025"
"1","  0.4868125322"
"1","
 [15,]"
"1","  0.540406241"
"1","  0.236709095"
"1","  2.974584e-02"
"1","  0.5224160375"
"1","  0.1172312083"
"1"," -0.55749609"
"1","  0.513171870"
"1","  0.640125974"
"1","  0.64924470"
"1"," -0.4359324380"
"1","
 [16,]"
"1"," -1.089272094"
"1"," -0.219022051"
"1","  4.666089e-01"
"1"," -0.2696078009"
"1"," -1.3005097232"
"1","  0.47424720"
"1","  0.235301769"
"1","  0.933157634"
"1"," -0.05401112"
"1","  0.2007265449"
"1","
 [17,]"
"1"," -0.547302442"
"1","  0.166805116"
"1"," -1.226622e-01"
"1","  0.2444703491"
"1"," -0.0312679179"
"1","  0.93602033"
"1"," -0.603732880"
"1"," -1.368660649"
"1"," -0.08028720"
"1"," -0.0816236203"
"1","
 [18,]"
"1","  0.050143135"
"1","  0.204317973"
"1","  2.537440e-01"
"1","  0.5817003173"
"1","  0.3919988670"
"1"," -0.55460519"
"1"," -1.418815219"
"1"," -0.782937500"
"1"," -0.78482261"
"1"," -0.3593743163"
"1","
 [19,]"
"1"," -0.001829163"
"1"," -0.205297207"
"1","  5.033449e-01"
"1"," -1.0786914047"
"1"," -0.3458795335"
"1","  0.41021086"
"1"," -0.579126659"
"1"," -1.278282510"
"1","  0.31482183"
"1"," -0.6204617581"
"1","
 [20,]"
"1"," -0.148622137"
"1","  0.185069716"
"1"," -1.155629e+00"
"1"," -0.2539210525"
"1"," -0.4463204599"
"1"," -0.76962855"
"1"," -0.073565687"
"1","  0.456043809"
"1"," -0.68150878"
"1","  0.6351617927"
"1","
 [21,]"
"1"," -0.263069156"
"1"," -0.004537597"
"1"," -5.097826e-01"
"1"," -0.2349599523"
"1"," -0.5019900401"
"1","  0.80843911"
"1","  0.946370162"
"1"," -0.136053176"
"1","  0.33433229"
"1","  0.3867459140"
"1","
 [22,]"
"1"," -0.169344376"
"1","  0.227241525"
"1","  6.795158e-02"
"1","  0.6053946838"
"1","  0.8374846631"
"1"," -0.03113440"
"1","  0.609761103"
"1"," -0.564507722"
"1","  0.61788490"
"1"," -0.2609335232"
"1","
 [23,]"
"1","  1.548331472"
"1","  0.056588178"
"1"," -1.720222e-01"
"1","  0.7586626530"
"1"," -0.0820527165"
"1","  0.61764593"
"1"," -0.977909193"
"1"," -0.673359155"
"1","  0.01041233"
"1"," -0.3290212953"
"1","
 [24,]"
"1"," -0.327950525"
"1"," -1.116418183"
"1","  7.170414e-01"
"1"," -1.2363005085"
"1"," -0.2596169882"
"1"," -0.51043309"
"1"," -0.534487838"
"1"," -0.643811656"
"1"," -0.79474043"
"1","  0.7160344650"
"1","
 [25,]"
"1","  1.216286363"
"1"," -0.497756932"
"1"," -5.752474e-01"
"1"," -0.2342903012"
"1"," -1.0583652752"
"1"," -0.45137346"
"1"," -0.013652009"
"1"," -0.088600432"
"1"," -0.42124856"
"1","  0.0619654126"
"1","
 [26,]"
"1"," -1.490495053"
"1","  0.785090841"
"1","  8.566455e-01"
"1","  1.3586399193"
"1","  0.6215944596"
"1","  0.35345446"
"1","  0.007112068"
"1"," -0.431412735"
"1"," -0.62228789"
"1","  0.2368242991"
"1","
 [27,]"
"1","  1.062144796"
"1"," -0.899471455"
"1","  1.801263e-01"
"1"," -1.1671689963"
"1","  0.9728520116"
"1"," -0.34145303"
"1","  0.119290478"
"1"," -1.254867238"
"1","  0.39659107"
"1"," -0.1740894483"
"1","
"
"1","      "
"1","         PC22"
"1","         PC23"
"1","          PC24"
"1","         PC25"
"1","         PC26"
"1","         PC27"
"1","         PC28"
"1","         PC29"
"1","          PC30"
"1","          PC31"
"1","
  [1,]"
"1"," -0.415653063"
"1","  0.010284207"
"1","  0.6599702407"
"1","  0.926141924"
"1"," -0.653727598"
"1"," -0.431671388"
"1","  0.142932667"
"1"," -0.122428647"
"1","  2.267029e-01"
"1"," -0.1836181102"
"1","
  [2,]"
"1"," -0.161518481"
"1"," -0.512023183"
"1","  0.3186167124"
"1"," -0.238907579"
"1"," -0.300979260"
"1","  0.578297543"
"1"," -0.200585197"
"1","  0.174132880"
"1"," -4.960432e-02"
"1"," -0.3050823908"
"1","
  [3,]"
"1"," -0.070587843"
"1","  0.148746258"
"1"," -0.3884479960"
"1"," -0.557838827"
"1","  0.431087503"
"1"," -0.428306968"
"1"," -0.390190446"
"1","  0.126198483"
"1"," -1.198737e-02"
"1","  0.0589801457"
"1","
  [4,]"
"1"," -0.589851412"
"1"," -0.619896627"
"1"," -0.1700266868"
"1","  0.065095284"
"1"," -0.086433905"
"1","  0.025161315"
"1"," -0.264668440"
"1","  0.083421104"
"1","  1.456006e-01"
"1"," -0.1614374995"
"1","
  [5,]"
"1"," -0.444115842"
"1","  0.008250067"
"1","  0.1578979200"
"1","  0.705583675"
"1","  0.070157761"
"1","  0.330252685"
"1","  0.076729651"
"1","  0.299899157"
"1","  3.296120e-01"
"1"," -0.0606618166"
"1","
  [6,]"
"1"," -0.231170299"
"1","  0.287610424"
"1"," -0.1954413142"
"1","  0.216630859"
"1"," -0.491969680"
"1"," -0.367097833"
"1"," -0.070364606"
"1","  0.080025893"
"1","  8.125038e-02"
"1"," -0.0886122817"
"1","
  [7,]"
"1"," -0.550232724"
"1"," -0.165208680"
"1","  0.0570981022"
"1"," -0.450125563"
"1","  0.084109020"
"1","  0.412297931"
"1","  0.147640811"
"1","  0.044582321"
"1","  6.953557e-02"
"1"," -0.0031840881"
"1","
  [8,]"
"1"," -0.528610146"
"1","  0.568237323"
"1"," -0.5092357974"
"1","  0.233945280"
"1"," -0.211845082"
"1"," -0.071772085"
"1","  0.144978102"
"1"," -0.061250851"
"1"," -2.340279e-01"
"1"," -0.1071974797"
"1","
  [9,]"
"1","  0.548642939"
"1","  0.214486780"
"1","  0.6384115399"
"1","  0.228505802"
"1","  0.252744677"
"1","  0.073941536"
"1","  0.245821886"
"1","  0.178049471"
"1","  1.881703e-01"
"1","  0.0469955987"
"1","
 [10,]"
"1"," -0.116498780"
"1","  1.118740940"
"1","  0.2937968627"
"1","  0.127949533"
"1"," -0.078413131"
"1","  0.367779207"
"1","  0.091125815"
"1"," -0.248385074"
"1"," -4.203735e-01"
"1","  0.1588799446"
"1","
 [11,]"
"1","  0.189036752"
"1"," -0.150063214"
"1"," -0.0473207446"
"1"," -0.383210828"
"1"," -0.090431617"
"1","  0.119180670"
"1"," -0.444138853"
"1","  0.146337043"
"1","  2.089454e-01"
"1","  0.0789310235"
"1","
 [12,]"
"1","  0.365136564"
"1","  0.986031087"
"1"," -0.0785739663"
"1"," -0.280274969"
"1","  0.217914009"
"1"," -0.323365822"
"1","  0.307680672"
"1","  0.059129444"
"1","  1.209601e-01"
"1"," -0.2157884222"
"1","
 [13,]"
"1"," -1.180072706"
"1"," -0.087235816"
"1"," -0.0295687177"
"1"," -0.228228789"
"1","  0.172359976"
"1"," -0.290585300"
"1","  0.129004840"
"1","  0.270838461"
"1","  2.679909e-01"
"1"," -0.0049436717"
"1","
 [14,]"
"1"," -0.106807504"
"1","  0.379551703"
"1","  0.1167724845"
"1","  0.053760463"
"1","  0.054395211"
"1"," -0.322261831"
"1","  0.261651194"
"1","  0.001915818"
"1","  8.984149e-03"
"1"," -0.2824319825"
"1","
 [15,]"
"1","  0.169870509"
"1","  0.166933932"
"1","  0.2616844238"
"1"," -0.076124386"
"1","  0.118661157"
"1","  0.147028308"
"1","  0.037559088"
"1"," -0.172802093"
"1"," -1.284102e-01"
"1","  0.2524906169"
"1","
 [16,]"
"1"," -0.139185595"
"1"," -0.384189280"
"1"," -0.7114788394"
"1"," -0.012707569"
"1","  0.376769838"
"1","  0.495026375"
"1"," -0.453836743"
"1","  0.250009206"
"1"," -1.205250e-01"
"1"," -0.0084189500"
"1","
 [17,]"
"1","  0.211493483"
"1"," -0.294389153"
"1"," -0.2038790024"
"1"," -0.188156217"
"1"," -0.040272847"
"1"," -0.303175437"
"1","  0.149720275"
"1","  0.243097483"
"1","  2.991902e-02"
"1","  0.2245108474"
"1","
 [18,]"
"1","  0.400492532"
"1","  0.489444504"
"1","  0.6912577661"
"1","  0.454178334"
"1"," -0.058748819"
"1","  0.236431260"
"1","  0.021480627"
"1","  0.147942597"
"1"," -2.407952e-01"
"1"," -0.1069184815"
"1","
 [19,]"
"1","  0.449640053"
"1","  0.080006278"
"1","  0.1689818911"
"1"," -0.172050654"
"1","  0.085233409"
"1"," -0.162779465"
"1","  0.210610464"
"1"," -0.182931925"
"1"," -1.308259e-01"
"1","  0.0277080480"
"1","
 [20,]"
"1"," -0.130947182"
"1"," -0.100790850"
"1","  0.0791147946"
"1","  0.128986685"
"1"," -0.471281639"
"1","  0.219442918"
"1"," -0.308792058"
"1"," -0.011956713"
"1","  1.893562e-02"
"1"," -0.2972324497"
"1","
 [21,]"
"1"," -0.621046994"
"1","  0.207140912"
"1"," -0.2790824383"
"1","  0.392420540"
"1"," -0.031140310"
"1"," -0.261277523"
"1"," -0.806781262"
"1"," -0.207356764"
"1"," -1.016078e-01"
"1","  0.3250014055"
"1","
 [22,]"
"1","  0.266346408"
"1"," -0.459528140"
"1"," -0.0184061058"
"1"," -0.437531750"
"1"," -0.246035785"
"1","  0.428119527"
"1","  0.714949567"
"1","  0.420291378"
"1","  1.656540e-01"
"1"," -0.3303194804"
"1","
 [23,]"
"1","  0.138562371"
"1","  0.468516085"
"1","  0.1939842647"
"1"," -0.146120569"
"1","  0.281723831"
"1"," -0.223605663"
"1","  0.009438790"
"1"," -0.218280949"
"1","  1.528854e-01"
"1","  0.1325806750"
"1","
 [24,]"
"1"," -0.280408059"
"1","  0.325281062"
"1"," -0.2720570594"
"1","  0.504393700"
"1","  0.115127487"
"1","  0.229501704"
"1","  0.220871830"
"1","  0.173422825"
"1"," -5.606377e-02"
"1"," -0.0538991918"
"1","
 [25,]"
"1"," -0.506706099"
"1"," -0.498998993"
"1","  0.2690513270"
"1"," -0.957703090"
"1","  0.799883975"
"1"," -0.249311400"
"1"," -0.050527109"
"1"," -0.254540871"
"1"," -3.169229e-01"
"1"," -0.1314862948"
"1","
 [26,]"
"1"," -0.326413423"
"1","  0.316827536"
"1","  0.3151239697"
"1","  0.717466158"
"1","  0.079121460"
"1","  0.041311966"
"1","  0.278832509"
"1"," -0.367095870"
"1","  4.445660e-02"
"1","  0.0111430471"
"1","
 [27,]"
"1","  0.507535485"
"1"," -0.524634960"
"1"," -0.2855429102"
"1","  0.207079696"
"1"," -0.423792809"
"1","  0.215905263"
"1","  0.023051780"
"1"," -0.324707140"
"1","  3.032233e-01"
"1"," -0.0194538239"
"1","
"
"1","      "
"1","          PC32"
"1","         PC33"
"1","          PC34"
"1","          PC35"
"1","          PC36"
"1","          PC37"
"1","
  [1,]"
"1","  0.1064961893"
"1"," -0.017573853"
"1"," -0.1769943865"
"1"," -7.063804e-03"
"1","  0.0047180844"
"1"," -0.0016349469"
"1","
  [2,]"
"1"," -0.0243178771"
"1"," -0.064830359"
"1"," -0.0150498367"
"1"," -1.310311e-02"
"1","  0.0053972892"
"1","  0.0040356564"
"1","
  [3,]"
"1","  0.2090538407"
"1","  0.053089592"
"1","  0.0015306124"
"1","  6.719076e-03"
"1"," -0.0023304767"
"1","  0.0037473982"
"1","
  [4,]"
"1"," -0.1229776625"
"1","  0.071962403"
"1","  0.0555438183"
"1"," -1.397115e-02"
"1","  0.0440620497"
"1"," -0.0007273785"
"1","
  [5,]"
"1"," -0.0005367591"
"1"," -0.069266122"
"1"," -0.0139654810"
"1"," -2.157661e-02"
"1","  0.0413874880"
"1","  0.0107021661"
"1","
  [6,]"
"1"," -0.0953371112"
"1"," -0.009213602"
"1"," -0.0790940781"
"1","  6.674072e-03"
"1","  0.0477705384"
"1"," -0.0113967693"
"1","
  [7,]"
"1"," -0.0272863093"
"1","  0.040719974"
"1"," -0.0249008440"
"1"," -2.489937e-04"
"1","  0.0192549613"
"1"," -0.0118721411"
"1","
  [8,]"
"1"," -0.0342843224"
"1","  0.017762665"
"1"," -0.0057827329"
"1"," -7.058676e-03"
"1"," -0.1005539061"
"1","  0.0052613080"
"1","
  [9,]"
"1","  0.2490221799"
"1","  0.030987886"
"1"," -0.0310649177"
"1","  1.632173e-02"
"1"," -0.0538941850"
"1"," -0.0048372474"
"1","
 [10,]"
"1"," -0.1022151664"
"1"," -0.021586049"
"1"," -0.0564763022"
"1"," -7.119480e-02"
"1","  0.0963601870"
"1","  0.0045386462"
"1","
 [11,]"
"1","  0.1941980511"
"1"," -0.066677200"
"1","  0.0230334206"
"1"," -9.026535e-03"
"1"," -0.0326925198"
"1"," -0.0132695411"
"1","
 [12,]"
"1"," -0.1926751154"
"1","  0.023307631"
"1"," -0.0004180584"
"1","  2.370531e-02"
"1","  0.0053617239"
"1","  0.0101043244"
"1","
 [13,]"
"1"," -0.3296017826"
"1"," -0.050456910"
"1","  0.0077062845"
"1"," -4.837488e-03"
"1"," -0.0334110221"
"1"," -0.0143974504"
"1","
 [14,]"
"1","  0.0988810798"
"1","  0.028327882"
"1"," -0.0147362461"
"1","  5.264092e-02"
"1","  0.0526516482"
"1","  0.0073190761"
"1","
 [15,]"
"1","  0.4217986929"
"1"," -0.054844614"
"1","  0.0497852462"
"1"," -3.138088e-03"
"1","  0.0051368163"
"1","  0.0135616172"
"1","
 [16,]"
"1","  0.1818783835"
"1","  0.003434021"
"1","  0.0846980315"
"1","  1.325824e-04"
"1","  0.0141543270"
"1","  0.0092218295"
"1","
 [17,]"
"1","  0.1325633058"
"1","  0.034282347"
"1","  0.0350609537"
"1"," -3.618832e-02"
"1","  0.0194334704"
"1"," -0.0015693822"
"1","
 [18,]"
"1"," -0.0581847374"
"1"," -0.034937115"
"1"," -0.0788903569"
"1"," -2.972509e-02"
"1","  0.0410372525"
"1"," -0.0006295605"
"1","
 [19,]"
"1","  0.1109877787"
"1","  0.029417847"
"1"," -0.0811599998"
"1","  6.383475e-02"
"1","  0.0692391689"
"1","  0.0036345737"
"1","
 [20,]"
"1"," -0.1345572901"
"1","  0.020632296"
"1","  0.0128403554"
"1"," -4.165316e-02"
"1","  0.0019346467"
"1","  0.0001975881"
"1","
 [21,]"
"1"," -0.1027111235"
"1","  0.008395250"
"1","  0.0314002460"
"1"," -5.214393e-02"
"1","  0.0502167787"
"1"," -0.0121015637"
"1","
 [22,]"
"1"," -0.3165813260"
"1"," -0.047522754"
"1"," -0.0531774247"
"1","  3.929613e-02"
"1"," -0.0180762180"
"1"," -0.0001066715"
"1","
 [23,]"
"1"," -0.0606038935"
"1"," -0.005151042"
"1","  0.0380787464"
"1"," -2.041913e-02"
"1"," -0.0567189164"
"1"," -0.0024239504"
"1","
 [24,]"
"1","  0.1535235771"
"1"," -0.021093774"
"1"," -0.0638084934"
"1","  7.842825e-02"
"1"," -0.0015325312"
"1","  0.0117983656"
"1","
 [25,]"
"1","  0.1010667939"
"1","  0.063578460"
"1","  0.0182497202"
"1"," -6.123361e-02"
"1","  0.0614496705"
"1","  0.0011878279"
"1","
 [26,]"
"1","  0.0129296831"
"1"," -0.050600837"
"1","  0.1189046309"
"1"," -4.686804e-02"
"1","  0.0058604582"
"1"," -0.0056845427"
"1","
 [27,]"
"1","  0.1014158860"
"1"," -0.014407315"
"1"," -0.0143775206"
"1"," -1.241281e-02"
"1","  0.0372540560"
"1"," -0.0013093086"
"1","
"
"1"," [ reached getOption(""max.print"") -- omitted 123 rows ]
"
"0","pr.out$center #es la media de cada x (antes de ser estandarizadas)"
"1","                 x.21.IMS "
"1","             x.21.IVF_Ind "
"1","        x.21.IVF_Ind_SREF "
"1","      x.21.Energ_fact_res "
"1","     x.21.Energ_fact_prim "
"1","
"
"1","             8.467282e-03 "
"1","             5.940407e-04 "
"1","             5.589405e-04 "
"1","             2.733833e-03 "
"1","            -6.200444e-03 "
"1","
"
"1","      x.21.Energ_fact_Ind "
"1","      x.21.Energ_fact_cys "
"1","    x.21.Energ_fact_total "
"1","         x.21.IVF_M_total "
"1","       x.21.IVF_M_Consumo "
"1","
"
"1","            -3.858691e-04 "
"1","             1.124216e-03 "
"1","             1.214854e-03 "
"1","             3.504155e-04 "
"1","             4.616676e-03 "
"1","
"
"1","         x.21.IVF_M_autos "
"1","      x.21.IVF_M_durables "
"1","      x.21.IVF_M_bienes_K "
"1","    x.21.IVF_M_bienes_Int "
"1","       x.21.IVF_M_petoleo "
"1","
"
"1","             1.706005e-03 "
"1","             5.697811e-03 "
"1","             2.079937e-03 "
"1","            -1.402547e-03 "
"1","            -7.855965e-03 "
"1","
"
"1","        x.21.IVF_M_sEnerg "
"1","               x.21.IVF_X "
"1","      x.21.IVF_X_primario "
"1","           x.21.IVF_X_Ind "
"1","     x.21.Int_act_MN_prom "
"1","
"
"1","             2.530953e-03 "
"1","             1.503230e-03 "
"1","             8.571203e-03 "
"1","             1.315214e-04 "
"1","            -5.455917e-04 "
"1","
"
"1","      x.21.Int_act_MN_Emp "
"1","       x.21.Cpmm_Ind_Mats "
"1","       x.21.Comm_Non_Fuel "
"1","           x.21.Comm_Food "
"1","           x.21.Comm_Meat "
"1","
"
"1","             1.011542e-03 "
"1","            -8.835279e-04 "
"1","             8.739856e-05 "
"1","            -7.160726e-04 "
"1","             1.228835e-03 "
"1","
"
"1","x.21.TC_Prom_Interb_media "
"1","      x.21.Emision_cierre "
"1","           x.21.M1_cierre "
"1","           x.21.M3_cierre "
"1","          x.21.TCR_Global "
"1","
"
"1","             4.722407e-03 "
"1","             8.755231e-03 "
"1","             9.163909e-03 "
"1","             1.176379e-02 "
"1","            -3.258616e-03 "
"1","
"
"1","        x.21.TCR_xtra_reg "
"1","             x.21.TCR_reg "
"1","               x.21.t_des "
"1","   x.31.SPC.RES_PRIM_SPNM "
"1","   x.31.SPC.RES_GLOB_SPNM "
"1","
"
"1","            -1.113694e-03 "
"1","            -5.365187e-03 "
"1","             2.650082e-03 "
"1","            -8.300056e+01 "
"1","            -8.628056e+01 "
"1","
"
"1","   x.31.SPC.RES_ PRIM_SPC "
"1","    x.31.SPC.RES_GLOB_SPC "
"1","
"
"1","            -8.308368e+01 "
"1","            -9.879044e+01 "
"1","
"
"0","pr.out$scale #es el desvo estndar de cada x (antes de ser estandarizadas)"
"1","                 x.21.IMS "
"1","             x.21.IVF_Ind "
"1","        x.21.IVF_Ind_SREF "
"1","      x.21.Energ_fact_res "
"1","     x.21.Energ_fact_prim "
"1","
"
"1","             1.375117e-02 "
"1","             7.519488e-02 "
"1","             8.008579e-02 "
"1","             9.139411e-02 "
"1","             2.287511e-01 "
"1","
"
"1","      x.21.Energ_fact_Ind "
"1","      x.21.Energ_fact_cys "
"1","    x.21.Energ_fact_total "
"1","         x.21.IVF_M_total "
"1","       x.21.IVF_M_Consumo "
"1","
"
"1","             5.935540e-02 "
"1","             6.874307e-02 "
"1","             6.112506e-02 "
"1","             1.582751e-01 "
"1","             1.270177e-01 "
"1","
"
"1","         x.21.IVF_M_autos "
"1","      x.21.IVF_M_durables "
"1","      x.21.IVF_M_bienes_K "
"1","    x.21.IVF_M_bienes_Int "
"1","       x.21.IVF_M_petoleo "
"1","
"
"1","             2.287263e-01 "
"1","             2.347313e-01 "
"1","             2.792994e-01 "
"1","             2.085163e-01 "
"1","             9.844656e-01 "
"1","
"
"1","        x.21.IVF_M_sEnerg "
"1","               x.21.IVF_X "
"1","      x.21.IVF_X_primario "
"1","           x.21.IVF_X_Ind "
"1","     x.21.Int_act_MN_prom "
"1","
"
"1","             1.169015e-01 "
"1","             1.366876e-01 "
"1","             4.456203e-01 "
"1","             1.081325e-01 "
"1","             1.070160e-01 "
"1","
"
"1","      x.21.Int_act_MN_Emp "
"1","       x.21.Cpmm_Ind_Mats "
"1","       x.21.Comm_Non_Fuel "
"1","           x.21.Comm_Food "
"1","           x.21.Comm_Meat "
"1","
"
"1","             4.457074e-02 "
"1","             4.613607e-02 "
"1","             2.872883e-02 "
"1","             3.053095e-02 "
"1","             5.121627e-02 "
"1","
"
"1","x.21.TC_Prom_Interb_media "
"1","      x.21.Emision_cierre "
"1","           x.21.M1_cierre "
"1","           x.21.M3_cierre "
"1","          x.21.TCR_Global "
"1","
"
"1","             2.577114e-02 "
"1","             5.260183e-02 "
"1","             4.545897e-02 "
"1","             2.214374e-02 "
"1","             2.049784e-02 "
"1","
"
"1","        x.21.TCR_xtra_reg "
"1","             x.21.TCR_reg "
"1","               x.21.t_des "
"1","   x.31.SPC.RES_PRIM_SPNM "
"1","   x.31.SPC.RES_GLOB_SPNM "
"1","
"
"1","             2.302941e-02 "
"1","             2.754770e-02 "
"1","             9.397879e-02 "
"1","             1.070729e+04 "
"1","             1.149971e+04 "
"1","
"
"1","   x.31.SPC.RES_ PRIM_SPC "
"1","    x.31.SPC.RES_GLOB_SPC "
"1","
"
"1","             1.074763e+04 "
"1","             1.146340e+04 "
"1","
"
"0","pr.out$sdev #es el desvo estndar de cada PC (notar que el PC1 es el que maximiz la varianza de las X)"
"1"," [1]"
"1"," 2.90709045"
"1"," 2.10205643"
"1"," 1.94654264"
"1"," 1.68177689"
"1"," 1.58494683"
"1"," 1.37222810"
"1"," 1.34458873"
"1"," 1.25393046"
"1"," 1.05823465"
"1"," 1.02506493"
"1"," 0.99722612"
"1"," 0.91449753"
"1"," 0.88701350"
"1","
"
"1","[14]"
"1"," 0.85311220"
"1"," 0.81563124"
"1"," 0.78471789"
"1"," 0.67315945"
"1"," 0.65721954"
"1"," 0.63355362"
"1"," 0.58940490"
"1"," 0.54490203"
"1"," 0.48694045"
"1"," 0.41326555"
"1"," 0.34532260"
"1"," 0.30892078"
"1"," 0.28894071"
"1","
"
"1","[27]"
"1"," 0.27033615"
"1"," 0.25447057"
"1"," 0.23717637"
"1"," 0.19643185"
"1"," 0.17572124"
"1"," 0.16165206"
"1"," 0.07325258"
"1"," 0.06341825"
"1"," 0.04969805"
"1"," 0.04400977"
"1"," 0.01041574"
"1","
"
"0","pr.out$sdev^2 #los autovalores (ordenados en forma descendente)"
"1"," [1]"
"1"," 8.4511748967"
"1"," 4.4186412504"
"1"," 3.7890282307"
"1"," 2.8283735240"
"1"," 2.5120564473"
"1"," 1.8830099577"
"1"," 1.8079188614"
"1"," 1.5723415869"
"1"," 1.1198605678"
"1"," 1.0507581206"
"1"," 0.9944599284"
"1","
"
"1","[12]"
"1"," 0.8363057385"
"1"," 0.7867929442"
"1"," 0.7278004271"
"1"," 0.6652543141"
"1"," 0.6157821725"
"1"," 0.4531436513"
"1"," 0.4319375287"
"1"," 0.4013901853"
"1"," 0.3473981400"
"1"," 0.2969182256"
"1"," 0.2371110042"
"1","
"
"1","[23]"
"1"," 0.1707884137"
"1"," 0.1192476948"
"1"," 0.0954320477"
"1"," 0.0834867347"
"1"," 0.0730816328"
"1"," 0.0647552715"
"1"," 0.0562526325"
"1"," 0.0385854709"
"1"," 0.0308779525"
"1"," 0.0261313877"
"1"," 0.0053659400"
"1","
"
"1","[34]"
"1"," 0.0040218739"
"1"," 0.0024698964"
"1"," 0.0019368600"
"1"," 0.0001084877"
"1","
"
